sample_id,mask_rle
scene_00a0af7cbb6f9bcf,234217 6 234886 10 235558 11 236229 13 236901 15 237573 17 238245 18 238917 19 239589 19 240261 20 240934 19 241607 18 242280 17 242953 16 243625 16 244298 14 244971 12 245644 10 246317 8 246990 6
scene_0242744e06f365a2,43341 8 44011 14 44682 18 45353 23 46025 25 46696 28 47367 30 48039 31 48710 33 49381 36 50053 37 50725 38 51398 50 51475 9 52070 51 52146 12 52743 50 52817 22 53416 51 53488 25 54088 53 54157 29 54761 53 54826 33 55433 54 55496 36 56106 57 56164 40 56778 99 57451 98 58124 98 58797 97 59471 96 60146 94 60819 93 61492 91 62164 91 62837 89 63509 88 64180 89 64852 88 65523 88 66196 86 66868 84 67541 81 68214 79 68886 79 69560 76 70233 73 70906 6 70916 61 71579 1 71589 59 72263 56 72936 42 73608 41 74280 40 74953 38 75625 34 76297 24 76969 22 77641 20 78312 18 78984 16 79656 14 80327 12 80999 11 81670 12 82342 11 83014 11 83685 12 84357 12 85029 12 85701 12 86373 12 87045 11 87717 11 88391 7 89066 2 224722 2 225394 5 226065 10 226736 14 227408 16 228079 19 228749 23 228811 4 229420 27 229482 6 230091 30 230153 8 230762 31 230824 10 231434 34 231495 21 232105 39 232166 25 232777 39 232838 26 233449 39 233510 27 234122 38 234182 30 234794 38 234855 32 235467 15 235486 18 235528 32 236140 12 236159 16 236201 31 236813 9 236831 12 236874 30 237487 5 237503 11 237546 31 238176 8 238218 31 238849 5 238891 30 239564 30 240237 30 240910 29 241583 28 242256 26 242929 25 243602 24 244275 22 244948 21 245621 20 246293 19 246965 18 247637 17 248309 16 248981 16 249653 16 250325 16 250997 16 251669 16 252341 15 253013 13 253685 12 254357 12 255030 10 255702 8 256374 7 257047 6 257721 3
scene_033f60eb33e05734,no-plume
scene_03ae879f4ea300ee,234173 7 234843 10 235514 12 236186 13 236858 17 237529 19 238201 20 238873 20 239545 20 240217 20 240889 20 241561 20 242233 20 242905 20 243577 20 244249 21 244921 23 245593 24 246265 24 246937 25 247610 25 248282 26 248954 27 249626 28 250299 28 250972 28 251644 29 252317 29 252989 30 253661 31 254333 32 255005 32 255677 32 256349 32 257021 33 257693 34 258365 43 259037 44 259710 44 260382 44 261055 43 261728 43 262401 41 263074 40 263748 37 264421 36 265094 35 265767 34 266440 33 267113 32 267785 32 268458 31 269130 31 269802 32 270475 31 271148 31 271820 32 272493 31 273165 31 273837 32 274509 32 275181 32 275853 32 276525 33 277198 33 277870 34 278543 34 279216 34 279888 35 280561 35 281233 35 281905 36 282577 36 283249 36 283920 37 284592 37 285263 38 285934 39 286606 39 287278 39 287950 40 288622 40 289294 40 289967 41 290640 41 291312 41 291985 41 292658 40 293331 40 294004 40 294676 41 295349 40 296021 41 296693 43 296742 6 297365 44 297413 7 298037 57 298709 58 299381 59 300053 60 300724 62 301395 64 302066 67 302738 68 303410 69 304081 72 304753 73 305425 74 306096 75 306768 76 307440 77 308112 78 308784 79 309456 79 310128 80 310799 81 311471 81 312143 81 312814 82 313486 81 314158 80 314830 78 315501 78 316173 78 316845 78 317517 77 318189 77 318860 78 319531 78 320202 79 320874 79 321545 79 322217 78 322889 77 323561 76 324233 75 324905 75 325577 74 326249 73 326921 73 327593 73 328265 74 328938 73 329610 74 330283 73 330956 72 331629 72 332301 72 332974 71 333646 71 334319 70 334991 69 335664 68 336336 68 337008 67 337681 65 338353 64 339025 63 339697 63 340369 62 341041 62 341713 62 342386 61 343058 61 343728 63 344399 64 345070 65 345742 64 346414 64 347086 64 347758 64 348430 64 349102 64 349774 62 349837 2 350446 66 351117 62 351180 4 351789 68 352461 68 353133 61 353195 6 353804 69 354476 61 354538 7 355148 69 355820 60 355881 8 356493 68 357165 68 357838 67 358510 67 359183 66 359856 65 360529 52 360582 11 361202 48 361256 9 361874 47 361930 7 362546 47 363218 47 363890 47 364562 47 365234 47 365906 48 366579 46 367251 48 367925 43 367969 2 368599 45 369272 45 369944 39 369984 5 370615 46 371287 39 371327 7 371958 48 372631 38 372670 9 373303 48 373975 49 374648 49 375320 49 375993 48 376665 48 377338 32 377371 14 378010 47 378683 30 378714 15 379356 44 380029 43 380702 42 381376 39 382050 21 382072 14 382723 34 383396 18 383415 13 384069 29 384742 27 385415 24 386089 21 386763 17 387436 15 388109 6 388116 5 388781 11 389454 4 389459 4 390127 6
scene_0472d470d5dfe1ce,187830 2 188501 6 189171 9 189842 11 190512 14 191166 3 191182 18 191836 8 191852 21 192507 10 192522 23 193178 12 193192 26 193849 42 194520 43 195190 45 195861 45 196530 47 197200 48 197871 48 198542 48 199213 48 199885 48 200557 48 201230 47 201903 46 202576 45 203249 44 203922 43 204600 37 205273 36 205945 36 206618 34 207295 28 207968 26 208641 24 209313 23 209985 21 210657 20 211329 20 212001 19 212673 18 213345 17 214017 16 214689 16 215361 16 216033 16 216705 16 217377 16 218049 17 218722 17 219394 17 220067 17 220740 16 221413 15 222086 14 222759 12 223432 10 224105 8 224778 7 225451 4
scene_0482547475705e8f,226110 21 226781 24 227453 24 228124 26 228795 28 229466 30 230137 32 230809 32 231480 33 232150 35 232820 37 233484 44 234150 50 234822 50 235494 50 236166 50 236838 50 237511 48 238184 48 238857 47 239529 47 240202 46 240875 44 241548 42 242221 40 242894 39 243566 38 244241 34 244920 26 245593 24 246265 23 246939 20 247612 18 248285 16 248958 14 249632 10
scene_051b67fe8ca230b1,no-plume
scene_0539bb232eb3c3d6,218070 6 218091 9 218739 11 218760 13 219410 36 220082 37 220754 38 221425 40 222097 40 222769 40 223441 40 224113 40 224785 39 225457 38 226129 34 226801 33 227474 31 228147 29 228821 13 229494 10 230167 8 230840 4 242270 5 242939 10 243610 11 244282 12 244954 13 245626 14 246298 14 246972 12 247645 11 248318 9 248991 8 249666 1 253714 2 254385 4 255056 7 255710 11 255725 11 256380 29 257051 30 257721 33 258391 37 259061 40 259732 41 260403 43 261073 45 261744 47 262414 49 263085 51 263756 52 264426 54 265098 55 265770 55 266441 56 267113 56 267785 56 268457 57 269129 57 269800 59 270472 60 271145 60 271817 62 272489 63 273162 62 273834 62 274507 61 275180 61 275851 62 276522 62 277193 63 277865 63 278536 64 279207 64 279878 64 280550 64 281222 63 281894 63 282566 62 283238 62 283910 61 284582 60 285255 58 285927 57 286599 56 287272 54 287945 53 288618 51 289290 51 289962 51 290634 51 291306 51 291978 50 292649 51 293321 51 293993 51 294665 51 295337 51 296010 50 296682 50 297354 51 298027 51 298701 50 299374 2 299385 42 300058 42 300731 43 301405 42 302078 41 302750 42 303422 43 304094 44 304765 47 305436 50 306106 53 306774 58 307444 60 308114 62 308786 62 309457 62 310128 62 310801 60 311474 58 312148 56 312821 54 313494 53 314167 51 314839 51 315512 49 316184 49 316856 49 317527 49 318199 49 318871 48 319542 48 320213 49 320884 49 321556 49 322228 49 322901 48 323573 47 324245 47 324918 46 325590 45 326262 44 326934 43 327606 43 328278 43 328950 44 329622 44 330295 44 330967 44 331639 45 332312 44 332985 43 333657 43 334330 41 335002 41 335674 40 336346 39 337018 38 337691 36 338363 36 339036 34 339709 32 340382 29 341055 27 341730 23 342407 17 343079 17 343750 18 344421 19 345092 19 345762 21 346432 23 347103 24 347774 25 348446 24 349118 22 349791 20 350463 17 351138 7
scene_06531005b75b7d8e,165031 5 165701 7 166371 9 167039 13 167707 17 168376 21 169046 23 169715 27 170386 29 171057 31 171729 32 172401 33 173073 35 173719 6 173745 36 174390 9 174418 37 174457 2 175060 13 175091 43 175731 16 175764 43 176402 20 176436 44 177074 25 177108 44 177746 6 177756 22 177779 45 178410 4 178416 4 178430 66 179078 13 179103 65 179749 13 179776 64 180420 13 180449 21 180471 41 181091 14 181121 21 181143 41 181763 14 181794 20 181815 41 182435 14 182466 62 183107 14 183139 61 183779 14 183813 58 184451 14 184485 54 185124 13 185156 53 185796 13 185828 51 186468 13 186493 5 186499 50 187140 13 187162 56 187813 12 187833 55 188485 12 188504 55 189157 12 189176 54 189829 12 189848 54 190502 12 190520 57 191174 13 191192 60 191846 16 191864 61 192518 17 192536 62 193191 18 193211 61 193863 17 193885 60 194535 17 194558 60 195208 16 195231 59 195880 17 195904 60 196552 17 196577 60 197224 18 197250 60 197897 17 197922 61 198569 18 198594 61 199241 19 199265 62 199913 20 199937 62 200586 20 200608 63 201258 84 201931 82 202604 80 203277 78 203952 74 204633 65 205307 62 205980 61 206654 59 207328 57 208001 56 208674 55 209347 53 210034 28 210708 25 211381 23 212054 21 212728 18 213401 16 214073 16 214746 14 215420 11 216094 8 216766 7 217441 2
scene_085b9683aa38cb09,207314 9 207985 11 208657 12 209329 12 210001 12 210673 12 211345 12 212016 12 212687 12 213358 12 214029 12 214701 12 215373 12 216045 12 216717 12 217389 12 218061 12 218733 12 219405 12 220077 12 220749 12 221421 12 222093 12 222765 12 223437 12 224109 12 224782 10 225454 9 226130 2
scene_08bff33f04f289d2,no-plume
scene_0b6f5a9c134ff281,231498 6 232169 8 232841 8 233513 9 234185 11 234857 11 235529 12 236201 12 236873 12 237545 12 238217 12 238889 12 239561 12 240233 12 240905 12 241576 13 242248 13 242919 14 243590 15 244261 16 244931 18 245602 19 246273 20 246945 19 247616 18 248288 17 248959 18 249632 16 250304 14 250976 13 251649 12 252321 11 252993 11 253665 10 254338 8 255011 5
scene_0baf233cb3754db0,no-plume
scene_0bdb42c33d4aff47,193850 8 194519 15 195190 17 195861 19 196533 20 197204 21 197875 23 198546 25 199218 30 199889 34 200561 35 201233 36 201904 15 201923 20 202576 14 202596 20 203247 15 203269 19 203919 15 203941 19 204590 16 204614 18 205262 16 205286 18 205933 17 205958 18 206605 18 206629 19 207276 42 207948 42 208619 42 209289 44 209959 46 210630 47 211301 48 211973 48 212644 49 213315 50 213986 51 214658 51 215330 51 216002 51 216674 51 217346 51 218018 16 218044 25 218691 14 218717 24 219363 13 219389 24 220037 11 220062 23 220711 6 220735 22 221408 21 222081 20 222754 19 223429 16 224102 15 224775 13 225450 9
scene_0ef71ba5c7471fbb,113282 3 113952 7 114623 9 115295 8 115967 8 116638 8 117310 7 117982 6 118654 5 119326 3 119998 4 120670 5 120699 6 121342 6 121370 8 122014 7 122041 11 122063 1 122686 7 122713 13 122734 5 123357 10 123385 14 123405 6 124029 11 124057 27 124701 11 124729 28 125372 13 125401 29 126043 14 126072 30 126714 16 126744 29 127384 18 127416 23 127442 2 128056 19 128088 21 128729 18 128761 19 129402 2 129413 6 129436 15 130087 5 130110 12 130761 5 130784 9 131433 11 131458 7 132105 11 132131 6 132777 11 132804 4 133448 13 133475 6 134119 14 134146 8 134789 16 134817 9 135459 18 135488 11 136130 20 136158 14 136801 22 136828 16 137473 44 138144 46 138816 47 139488 50 140160 55 140832 56 141504 57 142176 57 142849 36 142892 13 143521 33 143565 12 144193 32 144237 12 144866 29 144910 11 145539 27 145583 10 146213 24 146255 10 146886 23 146928 8 147561 20 147602 6 148234 18 148907 17 149580 15 150253 13 150925 12 151598 9 152270 8 152294 2 152942 6 152967 1 153614 3 154287 1 162342 2 163014 10 163687 13 164360 16 165032 17 165704 18 166376 19 167048 19 167720 20 168392 20 169063 21 169734 22 170391 6 170405 23 171062 9 171076 24 171732 40 172402 43 173072 45 173743 46 174414 46 175086 46 175757 47 176429 47 177100 47 177770 48 178441 48 179113 48 179783 50 180454 51 181124 53 181795 54 182466 54 183136 55 183806 56 184477 56 185149 55 185821 53 186493 52 187165 52 187838 50 188510 43 189182 40 189854 38 190526 35 191197 32 191869 31 192541 30 193212 29 193883 29 194554 28 195225 29 195897 28 196569 28 197241 28 197913 28 198586 27 199258 27 199931 26 200604 25 201276 24 201949 23 202621 23 203293 22 203965 21 204638 19 205310 19 205982 19 206655 18 207328 17 208000 16 208672 16 209343 17 210015 17 210686 18 211358 18 212030 17 212701 17 213373 17 214045 17 214717 16 215388 17 216060 17 216731 18 217402 19 218074 18 218745 19 219417 19 220088 18 220759 18 221430 19 222101 19 222772 19 223443 19 224114 19 224786 18 225458 17 226131 15 226804 13 227476 13 228149 11 228821 9 229493 8 230165 8 230837 8 231510 7 232182 7 232855 5
scene_0f1a7fbab6ff23b4,157346 2 157987 4 158015 8 158658 9 158686 10 159307 5 159329 12 159357 12 159978 6 160000 15 160028 14 160651 5 160672 17 160700 14 161323 5 161343 22 161371 15 161995 4 162015 43 162686 44 163358 45 164029 46 164701 47 165338 4 165372 48 166007 10 166044 50 166678 12 166715 54 167349 13 167387 57 168022 12 168058 59 168695 11 168729 61 169368 10 169401 61 170041 8 170072 63 170714 6 170743 64 171413 66 172083 68 172753 70 173424 70 174086 78 174757 77 175429 74 176101 73 176773 30 176809 36 177422 2 177446 27 177483 33 178091 6 178118 26 178156 32 178762 8 178792 23 178828 31 179434 7 179475 12 179501 29 180106 7 180150 7 180173 28 180777 7 180824 4 180845 27 181449 5 181517 27 182122 2 182189 27 182861 27 183533 27 184205 27 184877 28 185549 29 185583 6 186171 1 186221 42 186842 2 186893 43 187514 2 187565 44 188186 2 188236 48 188290 6 188858 2 188908 62 189530 1 189580 63 190250 67 190920 70 191589 74 192259 78 192929 82 193600 86 194270 90 194942 91 195614 91 196285 93 196556 5 196957 95 197227 10 197629 96 197898 13 198301 97 198569 16 198974 98 199240 18 199646 99 199910 22 199962 5 200319 99 200581 23 200634 5 200992 98 201253 24 201306 4 201665 97 201925 24 201977 3 202338 96 202597 25 202648 3 203011 95 203269 26 203685 93 203941 27 204359 90 204613 28 205032 89 205286 28 205705 88 205958 29 206379 85 206630 30 207052 82 207303 31 207725 80 207975 32 208398 79 208648 32 209070 78 209320 33 209743 76 209992 35 210415 75 210664 37 211088 74 211337 36 211399 1 211760 73 212009 35 212070 2 212432 73 212681 35 212725 5 212741 3 213104 73 213353 34 213397 19 213776 72 214025 34 214068 19 214448 71 214698 32 214740 19 215120 70 215370 31 215412 19 215793 36 215842 19 216042 31 216084 18 216465 34 216516 16 216714 30 216755 19 217138 31 217386 29 217426 20 217812 9 218058 28 218098 20 218730 27 218769 21 219403 26 219441 21 220076 25 220112 22 220749 24 220783 24 221421 24 221454 25 222093 24 222125 25 222766 23 222797 25 223440 22 223469 24 224113 21 224141 24 224785 21 224814 23 225457 22 225487 21 226130 22 226160 18 226802 22 226832 17 227474 22 227505 16 228147 20 228177 16 228820 18 228850 15 229493 16 229523 14 230166 15 230196 13 230839 12 230868 13 231541 12 232213 12 232886 10 233559 8 236643 5 237312 10 237983 13 238654 15 239324 18 239995 20 240666 22 241338 23 242009 26 242681 31 243352 35 244024 36 244696 37 245367 39 246039 40 246710 42 247381 43 248053 44 248724 45 249393 48 250062 51 250732 53 251402 55 252073 55 252742 57 253404 66 254074 67 254745 66 255415 67 256086 67 256757 67 257429 67 258101 67 258772 67 259444 67 260116 66 260788 66 261460 65 262132 65 262804 64 263477 62 264149 61 264822 59 265495 58 266169 55 266843 53 267516 52 268188 52 268860 51 269533 50 270205 50 270877 51 271549 51 272221 51 272893 51 273566 49 274238 49 274911 47 275584 46 276257 45 276931 42 277604 41 278277 40 278951 38 279626 35 280299 34 280972 33 281646 31 282319 30 282992 29 283665 28 284338 27 285014 23 285688 21 286361 20 287034 18 287708 14 288381 12 289054 10 289727 8
scene_0f39b72771605bbc,no-plume
scene_0f96ff4640cfcc6a,no-plume
scene_0fabe6e9849a8160,no-plume
scene_0fdac6f74d07d9d7,5835 4 6504 10 7175 12 7846 14 8517 15 9188 16 9859 17 10530 18 11201 19 11871 21 12542 22 13214 22 13885 23 14555 25 15227 25 15898 26 16570 26 17241 27 17913 27 18585 27 19257 27 19928 28 20601 27 21274 25 21947 24 22621 21 23295 19 23970 15 24644 12 25317 10 25990 8 201907 5 202578 9 203249 11 203920 12 204590 14 205261 16 205932 17 206601 20 207268 25 207938 27 208610 27 209281 28 209953 28 210624 29 211295 30 211966 31 212612 7 212635 34 213280 12 213306 35 213951 14 213977 36 214598 2 214622 16 214648 38 215267 10 215293 67 215938 15 215964 70 216609 18 216635 72 217280 21 217306 73 217950 102 218621 103 219293 103 219964 104 220636 37 220679 60 221308 36 221353 57 221979 37 222027 54 222639 1 222651 37 222702 50 223311 3 223323 37 223380 42 223982 7 223995 16 224014 18 224053 40 224654 8 224667 14 224689 15 224725 39 225327 24 225363 13 225397 38 225999 21 226036 11 226069 34 226671 14 226709 10 226741 24 227343 12 227382 8 227413 22 228016 10 228054 8 228085 19 228688 9 228727 6 228756 16 229361 8 229400 5 229428 14 230034 5 230073 3 230100 14 230746 2 230772 14 231443 15 232115 15 232788 13 233461 11 234136 4
scene_0ffc49ab8b87cfb1,146114 4 146783 9 147427 1 147454 11 148098 3 148125 12 148768 6 148796 14 149439 7 149467 15 150110 8 150137 18 150780 10 150805 23 151451 11 151474 27 152122 11 152145 30 152795 10 152816 17 152839 21 153467 9 153487 16 153513 20 154139 8 154159 15 154186 19 154811 8 154830 16 154858 19 155482 10 155501 17 155529 20 156153 13 156172 18 156201 20 156823 40 156873 19 157494 41 157544 21 158165 42 158215 22 158835 44 158886 23 159506 45 159557 24 160178 46 160229 25 160849 48 160900 27 161520 80 162191 82 162863 83 163534 85 164206 86 164878 87 165550 87 166223 86 166896 6 166903 79 167576 79 168249 78 168921 78 169594 77 170266 77 170937 78 171608 79 172279 80 172950 81 173621 82 174293 82 174964 83 175636 14 175653 66 176308 12 176326 71 176981 10 176999 73 177654 8 177671 73 178326 7 178343 15 178359 58 178999 5 179016 12 179032 57 179688 11 179705 57 180361 9 180377 57 181033 9 181050 57 181154 3 181706 7 181722 58 181824 7 182379 6 182394 61 182493 10 183054 1 183067 70 183143 4 183161 14 183739 83 183830 18 184411 85 184500 20 185082 110 185754 111 186425 112 187097 112 187757 3 187768 113 188427 6 188438 116 189098 128 189770 128 190442 128 191114 129 191786 129 192459 128 193137 122 193812 120 194484 120 195157 119 195830 118 196504 116 197176 116 197849 115 198522 113 199195 112 199868 111 200541 109 201214 107 201888 105 202562 102 203235 100 203910 95 204589 70 204666 5 205264 63 205938 60 206611 58 207284 56 207957 53 208629 53 209302 51 209974 51 210647 49 211320 47 211993 44 212666 40 213341 35 214015 31 214688 27 215361 24 216033 24 216705 23 217377 22 218049 21 218721 20 219393 20 220065 20 220737 20 221409 20 222081 21 222753 21 223425 21 224098 21 224770 21 225443 21 226116 20 226789 19 227462 18 228134 17 228808 14 229481 13 230153 12 230825 12 231497 12 232170 11 232842 10 233517 6
scene_108e2e25f57dc130,no-plume
scene_109989d622345a47,141370 2 142042 2 142713 3 143385 3 143405 6 144058 2 144075 9 144746 10 145417 12 146088 14 146760 14 147431 16 148102 17 148773 19 149443 21 150112 24 150781 28 151452 29 152122 32 152793 34 153464 37 154135 39 154807 40 155478 42 156149 43 156820 45 157490 47 158161 48 158831 49 159502 50 160173 50 160845 48 161516 48 162187 48 162858 49 163529 49 164201 49 164872 49 165544 49 166216 49 166889 48 167561 48 168233 47 168905 46 169577 44 170249 43 170922 40 171595 36 172268 33 172941 31 173615 28 174290 24 174964 21 175637 20 176310 19 176984 16 177657 15 178329 15 179002 13 179675 12 180349 9 181022 8 181694 7 182368 5 183042 2 185101 6 185766 18 186437 20 187108 21 187779 23 188450 25 189121 27 189793 28 190464 29 191134 31 191805 33 192469 4 192475 35 193139 44 193810 45 194482 46 195154 46 195825 47 196497 47 197169 48 197841 48 198513 48 199185 48 199857 48 200529 48 201200 50 201871 7 201880 43 202542 7 202553 43 203214 7 203226 43 203885 8 203899 42 204555 10 204572 42 205226 11 205244 44 205898 11 205917 44 206569 12 206589 45 207241 12 207261 51 207912 13 207933 52 208584 13 208605 52 209256 14 209277 52 209927 15 209949 53 210599 16 210620 54 211271 18 211292 54 211943 75 212615 74 213287 74 213959 74 214631 74 215303 74 215975 74 216647 73 217319 73 217990 72 218662 71 219333 72 220005 71 220676 70 221348 69 222020 68 222692 67 223364 66 224036 65 224708 51 224760 13 225381 49 225434 11 226053 47 226107 11 226725 46 226780 10 227398 45 227452 10 228070 46 228123 11 228742 47 228793 12 229415 47 229464 13 230088 61 230768 52 231440 52 232113 50 232785 50 233457 49 234129 21 234152 25 234801 20 234825 24 235473 20 235497 24 236145 21 236168 24 236817 47 237489 47 238161 46 238834 43 239506 41 240180 37 240853 35 241526 31 242200 22 242874 17 243547 14 244220 12 244893 9 245565 8 246238 7 246910 6 247583 5 248256 4 248929 3
scene_1129df6bfb027d74,197839 6 198509 10 199180 12 199851 14 200522 15 201193 17 201863 21 202534 23 203206 25 203877 27 204549 29 205221 30 205893 31 206565 32 207238 32 207911 32 208584 32 209257 33 209929 40 210602 44 211275 45 211949 44 212623 45 213296 45 213969 45 214642 45 215315 51 215988 55 216661 55 217333 56 218005 58 218677 59 219350 59 220023 58 220702 52 221376 51 222049 51 222723 50 223400 47 224073 47 224746 47 225419 46 226103 34 226776 33 227449 32 228123 29
scene_11c6aa027bf01276,224782 2 225441 4 225452 5 226108 23 226778 26 227449 27 228121 26 228792 26 229464 25 230135 25 230804 27 231475 27 232146 27 232818 26 233490 25 234163 23 234835 22 235508 20 236180 18 236852 14 237525 12 238197 11 238870 9
scene_11e6adc4b17a9d46,46562 6 47234 7 47905 9 48577 14 49248 17 49920 17 50592 18 51264 20 51936 21 52609 20 53281 21 53953 23 54625 23 55298 23 55970 23 56644 21 57317 20 57990 19 58663 19 59336 19 60009 19 60681 20 61354 20 62027 21 62700 21 63373 20 64045 20 64717 21 65389 21 66062 20 66735 19 67408 19 68081 18 68753 19 69426 18 70099 19 70773 20 71445 21 72118 21 72793 19 73468 17 74142 15 74815 14 75488 13 76160 13 76833 12 77505 13 78177 13 78849 14 79521 15 80193 15 80865 16 81537 16 82210 16 82882 18 83554 21 84227 21 84900 21 85572 22 86244 22 86916 22 87588 23 88260 23 88931 25 89603 25 90275 26 90946 27 91618 29 92289 31 92961 32 93632 34 94303 37 94974 38 95646 39 96318 39 96990 39 97662 40 98334 41 99006 41 99678 41 100350 41 101022 40 101694 40 102366 39 103038 39 103710 39 104382 39 105053 40 105494 11 105725 40 106165 12 106397 40 106837 12 107069 40 107508 13 107741 40 108180 13 108413 40 108851 14 109085 40 109522 15 109757 40 110194 15 110429 40 110866 15 111101 40 111538 15 111774 39 112210 15 112446 39 112882 15 113118 39 113555 14 113791 38 114227 14 114463 38 114899 14 115136 36 115571 14 115808 36 116243 14 116480 36 116916 13 117152 36 117588 13 117824 35 118260 13 118496 35 118932 13 119168 34 119604 13 119841 33 120276 13 120513 33 120949 12 121186 32 121621 12 121859 31 122293 12 122532 29 122965 12 123205 28 123637 12 123877 28 124309 12 124549 28 124981 12 125222 27 125653 12 125893 28 126325 12 126565 28 126997 12 127237 28 127669 12 127909 28 128341 12 128580 29 129013 12 129252 29 129685 12 129923 30 130357 12 130595 30 131029 12 131267 31 131701 12 131940 30 132373 12 132612 30 133045 12 133285 29 133717 12 133961 24 134389 12 134636 21 135060 13 135309 20 135731 14 135982 18 136403 14 136653 18 137074 15 137325 16 137745 16 137996 14 138417 16 138668 11 139089 16 139340 8 139760 17 140432 17 140682 1 141103 18 141775 18 142447 18 143119 18 143791 18 144464 17 145136 17 145809 16 146481 16 147154 15 147826 15 148499 14 149172 13 149844 13 150517 12 151190 11 151862 11 152535 10 153208 9 153882 7 231475 9 231498 6 232146 11 232169 8 232817 12 232840 9 233489 13 233510 11 234161 16 234180 14 234833 33 235505 33 236177 33 236849 32 237521 32 238193 32 238866 30 239538 29 240211 27 240883 27 241556 27 242228 28 242900 28 243571 30 244240 34 244905 44 245098 11 245575 48 245769 15 246246 50 246441 15 246918 50 247113 17 247590 50 247785 19 248261 51 248457 20 248933 51 249129 21 249605 51 249802 21 250277 50 250474 22 250949 49 251146 22 251621 49 251819 22 252293 48 252494 19 252966 47 253168 17 253638 47 253841 16 254311 46 254513 16 254985 44 255186 15 255658 43 255860 13 256331 42 256533 13 257004 40 257205 13 257676 40 257877 15 258349 17 258372 15 258549 20 259021 16 259045 12 259221 23 259694 14 259718 10 259894 22 260367 11 260393 3 260566 23 261238 25 261910 27 262583 27 263256 31 263930 30 264604 29 265276 30 265950 29 266624 29 266659 5 267297 42 267969 43 268642 43 269315 42 269988 42 270661 41 271333 41 272005 40 272678 39 273350 38 274024 35 274699 32 275373 29 276045 28 276719 25 277392 23 278065 21 278738 19 279411 17 280086 12 280760 9 281433 8 282107 4 374008 7 374678 10 375350 11 376022 11 376694 11 377366 12 378038 12 378710 13 379382 13 380054 14 380726 14 381399 13 382072 12 382745 11 383417 11 384089 11 384761 11 385433 11 386105 11 386777 12 387449 12 387846 7 388121 12 388517 10 388793 12 389189 12 389465 12 389860 17 390137 13 390531 20 390810 12 391203 21 391482 13 391875 21 392154 13 392547 22 392826 13 393219 22 393499 13 393891 23 394172 13 394563 23 394845 12 395236 23 395517 14 395908 24 396190 15 396580 25 396862 16 397251 26 397535 15 397923 26 398213 10 398594 27 398886 9 399266 27 399559 7 399938 27 400233 3 400610 27 401282 27 401954 27 402626 27 403298 27 403970 27 404642 28 405314 29 405986 30 406658 30 407330 31 408002 31 408673 32 409345 32 410017 32 410689 32 411361 32 412033 32 412705 31 413377 31 414049 30 414720 31 415392 30 416064 30 416736 30 417409 28 418080 29 418752 29 419424 29 420096 29 420768 29 421439 30 422111 30 422783 30 423455 30 424127 29 424798 30 425470 30 426142 29 426814 29 427486 28 428158 28 428830 27 429502 27 430175 26 430847 25 431520 24 432192 23 432865 21 433538 20 434210 19 434884 16 435562 7
scene_123e906f372a1f72,no-plume
scene_1338baf61b817bd6,no-plume
scene_13f0952267e0074a,228138 1 228808 4 229477 8 230148 8 230790 2 230819 8 231455 17 231490 8 232126 19 232162 7 232797 21 232834 6 233469 22 233506 5 234141 23 234179 1 234813 24 235485 24 236159 22 236832 21 237505 20 238178 18 238851 17 239529 8 240203 5 240877 2
scene_169f60303cdb1174,91026 8 91058 4 91676 5 91696 12 91727 10 92346 10 92367 15 92398 12 93018 10 93039 17 93069 14 93690 10 93711 19 93740 15 94362 10 94382 23 94412 16 95034 11 95054 28 95083 17 95706 10 95726 46 96378 10 96397 47 97051 8 97069 48 97724 4 97740 49 98412 50 99083 53 99754 57 100425 62 101097 63 101768 64 102439 65 103110 67 103781 68 104451 70 105121 72 105792 73 106463 74 107130 78 107800 80 108471 80 109142 80 109814 76 110487 73 111135 4 111159 30 111195 36 111806 6 111831 29 111868 34 112478 6 112505 27 112540 33 113149 8 113179 24 113213 31 113821 8 113854 20 113885 31 114493 8 114528 18 114557 30 115166 7 115202 15 115229 30 115841 3 115876 12 115901 29 116549 11 116573 29 117223 7 117245 29 117917 30 118538 2 118589 33 118624 8 119210 4 119261 44 119881 6 119933 44 120552 8 120605 46 121224 8 121277 48 121332 4 121896 8 121948 63 122568 8 122620 65 123240 7 123291 68 123912 7 123960 72 124585 5 124629 76 125258 2 125300 78 125914 1 125970 81 126584 4 126640 87 127255 6 127311 90 127927 7 127982 91 128600 7 128654 92 129272 7 129325 95 129944 7 129997 96 130270 3 130617 6 130669 97 130941 8 131289 5 131341 98 131611 12 131962 3 132013 101 132282 15 132333 3 132684 104 132953 19 133002 7 133357 103 133624 21 133673 8 134029 103 134295 23 134344 9 134703 102 134966 25 135014 11 135376 101 135637 27 135684 13 136049 100 136309 28 136355 13 136722 98 136982 28 137026 13 137396 96 137654 30 137697 10 138070 94 138327 30 138369 8 138743 92 138999 31 139041 7 139417 89 139671 33 139712 8 140091 86 140344 33 140383 8 140764 84 141016 34 141054 8 141437 83 141688 46 142109 82 142360 47 142782 80 143033 46 143454 79 143705 47 144127 78 144377 47 144439 4 144799 77 145049 48 145110 4 145471 76 145722 49 145782 4 146143 75 146394 52 146452 5 146815 74 147066 63 147487 74 147739 35 147777 23 148159 74 148412 33 148450 22 148831 73 149084 32 149122 22 149503 73 149756 31 149794 22 150176 42 150226 20 150428 31 150466 22 150849 37 150904 5 151101 29 151137 23 151521 35 151773 29 151809 23 152194 33 152445 28 152480 24 152868 9 152893 3 153117 28 153151 24 153789 28 153822 25 154462 27 154492 27 155134 27 155164 27 155807 27 155836 27 156480 54 157153 53 157825 52 158498 25 158524 25 159171 24 159196 24 159843 23 159870 21 160516 22 160544 18 161189 20 161217 17 161861 20 161890 16 162533 19 162563 14 163206 17 163236 13 163879 13 163909 12 164582 11 165255 9 165928 8 166602 4 169682 8 170352 12 171022 15 171693 17 172363 21 173034 23 173705 24 174377 25 175048 30 175720 37 176392 38 177063 40 177735 41 178406 43 179078 43 179749 45 180421 46 181092 48 181763 49 182433 51 183103 53 183773 56 184444 57 185115 57 185783 61 186446 2 186453 63 187116 71 187786 72 188455 73 189126 72 189797 72 190469 70 191141 69 191813 68 192485 68 193156 69 193828 69 194499 69 195171 69 195844 67 196516 66 197189 64 197861 63 198534 62 199208 59 199882 56 200555 55 201228 54 201900 54 202573 53 203245 53 203917 53 204589 54 205261 54 205933 54 206606 52 207279 51 207952 49 208624 48 209298 45 209971 43 210644 42 211317 41 211990 40 212665 37 213339 35 214012 34 214686 33 215360 31 216033 31 216705 31 217378 29 218053 26 218727 23 219400 22 220074 19 220748 17 221421 15 222094 13 222767 10
scene_16cafa61fa153525,no-plume
scene_1742c2be8344f954,226797 4 227469 5 228140 7 228808 12 229478 15 230149 16 230821 16 231492 17 232163 18 232834 19 233506 18 234178 16 234849 16 235521 16 236193 15 236865 13 237537 12 238209 11 238881 10 239553 6 240225 4 240897 4 241569 4 242241 4 242912 5 243584 5 244254 7 244926 7 245597 8 246269 8 246941 8 247612 9 248284 9 248955 10 249627 11 250299 12 250970 14 251642 14 252315 14 252987 14 253660 13 254332 13 255004 13 255677 13 256349 14 257021 15 257693 15 258365 15 259037 16 259709 16 260382 16 261055 16 261728 17 262400 17 263072 18 263744 19 264416 20 265087 21 265759 20 266430 20 267102 19 267773 20 268445 18 269117 17 269789 16 270461 15 271134 13 271806 11 272478 10 273152 7
scene_175e1fa3f564df82,190374 2 191043 8 191062 5 191714 11 191732 9 192386 11 192403 10 193057 13 193072 14 193729 34 194401 35 195073 36 195745 36 196417 36 197089 36 197761 36 198434 35 199106 36 199778 36 200451 35 201125 32 201799 30 202472 28 203145 27 203818 23 204491 15 205164 13 205837 12 206509 12 207181 12 207853 12 208525 11 209197 11 209869 11 210541 10 211214 9 211887 6 212562 2 212695 11 213364 16 214035 17 214706 19 215378 20 216050 21 216721 23 217393 23 218064 24 218734 26 219404 27 220074 28 220745 29 221416 29 222087 30 222758 30 223313 10 223430 29 223982 16 224102 28 224653 18 224773 28 225324 20 225445 28 225995 21 226116 29 226666 22 226787 30 227337 24 227458 30 228009 24 228131 28 228681 24 228803 27 229353 24 229475 26 230025 24 230148 25 230697 25 230821 24 231369 26 231493 24 232041 27 232166 23 232713 27 232838 23 233386 27 233512 21 234058 27 234185 20 234730 27 234857 20 235403 26 235530 19 236076 25 236203 17 236749 24 236877 15 237421 24 237549 15 238093 24 238222 13 238766 23 238897 7 239440 20 240113 19 240785 18 241458 16 242132 13 242805 12 243478 10 244150 10 244824 6 245497 4 246170 2
scene_1a084a221f35c714,199937 6 200609 6 201279 6 201950 7 202622 6 203293 7 203964 8 204634 9 205305 9 205976 10 206647 11 207315 14 207986 15 208657 16 209329 16 210001 16 210673 16 211344 17 212015 18 212686 19 213357 19 214029 19 214701 18 215373 17 216045 16 216717 16 217389 15 218060 15 218731 15 219402 15 220074 15 220746 15 221417 16 222089 16 222761 17 223433 18 224105 19 224777 19 225450 17 226124 14 226797 12 227469 11 228142 9
scene_1ab6b4f290d091f3,no-plume
scene_1b377ba2ab39ce29,14034 7 14705 10 15377 11 16049 11 16720 13 17392 13 18064 14 18736 14 19408 16 20080 17 20752 17 21424 18 22097 18 22769 19 23441 20 24113 21 24785 23 25457 24 26129 24 26802 24 27474 26 28147 26 28819 26 29492 26 30165 27 30837 28 31509 29 32182 29 32855 30 33528 29 34200 30 34873 30 35545 31 36218 30 36890 31 37562 31 38234 32 38907 33 39579 34 40251 34 40923 36 41595 37 42267 38 42940 37 43612 37 44284 38 44957 37 45629 37 46302 36 46975 34 47648 33 48321 32 48994 30 49666 30 50339 29 51012 27 51684 27 52357 26 53029 25 53700 26 54372 26 55043 27 55714 28 56386 28 57057 28 57728 28 58399 28 59069 29 59740 30 60406 35 61076 37 61747 38 62418 38 63090 38 63761 39 64433 38 65105 37 65776 37 66448 37 67120 37 67792 36 68463 37 69135 37 69807 37 70478 37 71150 37 71822 37 72494 36 73165 37 73837 37 74509 37 75181 37 75852 38 76524 38 77196 37 77868 37 78540 36 79212 35 79884 34 80556 33 81228 32 81900 31 82572 31 83244 30 83916 30 84587 30 85259 30 85930 31 86602 31 87273 32 87945 32 88617 32 89288 33 89960 33 90632 33 91304 33 91976 33 92648 34 93321 20 93345 8 93993 16 94018 6 94665 14 94692 3 95338 12 96010 11 96682 10 97355 8 98028 7 98701 4 228819 21 229490 23 230161 25 230833 26 231505 27 232177 28 232849 29 233521 30 234193 31 234865 32 235538 31 236210 31 236884 30 237557 29 238229 30 238902 30 239574 30 240247 30 240919 30 241590 31 242262 31 242934 31 243605 33 244277 33 244949 33 245620 35 246292 35 246963 37 247634 38 248306 38 248977 39 249649 39 250321 39 250993 38 251664 39 252336 39 253008 38 253679 39 254351 39 255022 40 255694 40 256365 41 257036 42 257707 43 258372 50 259041 53 259711 55 260381 57 261049 61 261719 63 262389 64 263059 66 263726 71 264397 72 265068 73 265738 74 266409 74 267080 74 267751 75 268422 75 269092 77 269761 79 270431 81 271101 82 271770 84 272440 85 273111 86 273782 87 274453 87 275125 87 275796 87 276467 87 277138 87 277809 88 278481 87 279152 88 279821 89 280491 90 281162 91 281832 92 282502 94 283173 95 283844 95 284515 95 285186 96 285857 97 286528 97 287200 97 287872 97 288544 96 289216 96 289888 94 290561 91 291233 89 291906 87 292579 84 293257 75 293931 71 294604 69 295278 66 295952 62 296625 59 297298 28 297328 27 297971 23 298005 19 298646 17 299320 13 299993 11 300667 5
scene_1bf7718f14b6ebab,no-plume
scene_1c3e8d18dac0c3c0,207986 3 208658 5 209330 6 210002 8 210674 9 211322 4 211346 10 211992 17 212017 12 212658 28 212687 14 213327 46 213999 46 214670 46 215342 46 216014 45 216686 44 217359 42 218032 41 218704 40 219376 40 220049 39 220721 38 221393 38 222065 37 222737 37 223409 37 224081 37 224754 35 225426 35 226099 14 226121 12 226772 12 226794 11 227445 10 227467 10 228118 6 228142 6
scene_1d6797d42d93fc73,226130 3 226800 7 227472 8 228143 9 228814 11 229485 12 230158 11 230830 10 231504 7 232177 5 232849 4 233523 1
scene_1e26fd44e58df464,no-plume
scene_22ff4b70e493f060,70426 10 71097 13 71123 4 71768 15 71794 6 72439 18 72464 8 73111 19 73133 12 73782 36 74454 36 75126 36 75798 36 76470 36 77142 35 77814 35 78486 35 79159 34 79831 33 80502 34 81174 34 81845 35 82515 38 83184 41 83855 44 84527 46 85198 48 85870 49 86541 50 87213 51 87885 51 88557 51 89229 51 89901 50 90573 50 91245 49 91917 49 92589 48 93261 48 93934 47 94608 45 95281 43 95953 43 96626 42 97299 41 97972 39 98645 17 98668 14 99317 15 99342 10 99990 12 100664 9 101338 6 215650 3 216321 6 216992 8 217664 8 218336 8 219008 9 219680 9 220353 8 221025 8 221697 8 222370 7 223042 7 223714 7 224386 7 225058 7 225730 7 226403 6 227075 6 227747 6 228420 5 228815 12 229093 4 229486 14 229765 4 230157 16 230438 4 230829 17 231110 3 231501 18 231782 3 232173 19 232455 2 232845 20 233517 20 234189 20 234861 20 235533 20 236205 21 236877 23 237549 23 238221 24 238893 24 239564 25 240236 25 240908 25 241580 25 242252 25 242924 25 243597 24 244269 24 244941 24 245613 24 246285 24 246957 25 247629 26 248300 28 248972 28 249644 28 250315 29 250987 29 251658 30 252330 29 253002 28 253673 29 254345 28 255017 28 255689 28 256361 28 257033 28 257705 28 258377 28 259049 28 259721 28 260393 28 261065 28 261736 29 262408 29 263080 28 263752 28 264423 29 265095 28 265767 27 266438 28 267110 27 267782 27 268454 27 269126 27 269798 27 270471 25 271144 24 271816 23 272489 21 273161 20 273834 19 274508 17 275182 14 275855 12 276533 2
scene_23179b4aee165a32,no-plume
scene_23747d5c23f7bc24,196510 6 197181 8 197852 10 198506 6 198522 14 199177 39 199848 41 200521 40 201194 40 201867 41 202539 42 203212 41 203886 39 204560 38 205233 38 205905 39 206579 37 207254 34 207927 33 208601 31 209276 27 209952 22 210625 20 211299 18 211973 14 224022 9 224693 11 225364 14 226034 19 226705 22 227376 25 228047 27 228718 31 229389 33 230060 35 230732 35 231403 36 231442 2 232074 44 232745 47 233417 49 234088 52 234759 54 235430 57 236101 60 236771 64 237434 75 238104 79 238774 83 239430 5 239445 86 240101 8 240116 88 240772 11 240787 90 241443 107 242114 111 242786 112 243457 114 244128 116 244800 117 245471 119 246143 120 246814 122 247486 122 248158 123 248830 123 249502 123 250150 6 250175 122 250821 8 250847 123 251492 10 251520 122 252163 12 252192 122 252835 13 252864 123 253506 15 253537 122 254178 16 254209 123 254851 18 254880 124 255523 154 256195 154 256868 153 257540 153 258213 153 258885 153 259558 152 260230 152 260903 150 261575 150 262248 149 262921 148 263594 146 264267 145 264940 143 265612 142 266285 141 266957 140 267629 140 268301 12 268316 125 268974 8 268990 123 269646 7 269663 122 270319 4 270336 121 271009 119 271683 117 272356 116 273029 115 273704 112 274377 110 275050 109 275724 107 276398 104 277073 101 277747 9 277766 79 278440 77 279114 75 279788 72 280462 70 281136 67 281811 64 282491 55 283166 52 283839 50 284513 48 285187 45 285860 42 286533 37 287206 35 287880 32 288554 29 289228 26 289901 24 290574 21 291248 17 291921 15 292595 11
scene_24b03dda6ddd99f1,no-plume
scene_2680e675d4b5c6ee,226127 6 226798 10 227469 11 228140 12 228811 14 229482 15 230153 16 230825 16 231497 16 232169 16 232841 16 233513 16 234185 16 234857 16 235530 15 236203 14 236876 13 237549 12 238221 11 238894 9 239567 6 240242 1
scene_27b19a0cd2167aec,no-plume
scene_2846e69623fa1ca0,141479 1 142142 16 142164 4 142808 35 143477 39 144148 42 144820 44 145491 48 146163 50 146835 51 147507 53 148180 54 148852 56 149524 57 150196 57 150868 58 151541 58 152213 58 152884 60 153556 60 154228 60 154900 61 155572 63 156244 69 156916 74 157589 79 158262 95 158934 102 159607 103 160280 103 160952 105 161625 105 162297 106 162970 106 163642 107 164314 109 164986 110 165658 111 166331 111 167003 112 167675 113 168348 113 169020 114 169693 115 169815 10 169843 4 170366 134 170513 8 171038 136 171184 11 171711 137 171854 15 172384 158 173057 159 173730 159 174402 160 175075 159 175747 159 176420 158 177093 157 177675 4 177765 157 178347 5 178438 155 179019 5 179110 155 179691 4 179783 154 180456 152 181129 151 181802 150 182474 150 183147 148 183710 3 183820 147 184383 1 184492 146 185165 145 185837 143 186510 142 187183 142 187757 5 187855 134 187991 5 188428 9 188528 131 189099 12 189201 131 189771 13 189874 132 190008 3 190442 15 190546 137 191114 16 191219 136 191786 16 191892 135 192458 17 192564 134 193130 18 193236 134 193801 20 193908 133 194473 20 194581 132 195145 21 195253 132 195817 22 195926 126 196055 1 196488 24 196599 124 197160 25 197272 123 197832 25 197946 8 197956 112 198504 25 198631 109 199176 26 199304 108 199848 26 199977 107 200520 27 200650 106 201192 28 201323 91 201416 10 201864 28 201997 87 202091 4 202537 28 202670 86 203209 28 203344 83 203882 27 204018 82 204556 25 204694 79 205229 24 205368 77 205902 23 206042 75 206576 21 206715 72 207251 17 207389 63 207454 2 207925 14 208063 60 208598 12 208736 59 209271 10 209409 54 209947 4 210084 50 210760 47 211435 45 212109 43 212786 37 213462 32 214137 28 214812 25 215487 21 216161 19 216835 16 217515 6 248959 8 249628 13 250297 17 250967 20 251638 21 252310 20 252982 19 253653 18 254325 16 254997 14 255669 12 256341 11 257013 10 257687 5 259022 5 259693 6 260364 7 261035 8 261707 8 262378 9 263050 9 263721 10 264392 11 265061 15 265730 20 265754 2 266401 32 267073 34 267744 36 268417 36 269089 38 269761 39 270433 40 271105 42 271777 45 272449 46 273121 47 273793 49 274465 54 275137 57 275810 58 276482 60 277155 64 277828 64 278501 22 278528 37 279173 20 279202 36 279845 19 279876 35 280517 18 280549 35 281189 18 281221 36 281861 17 281894 36 282533 16 282566 37 283205 16 283239 37 283877 5 283884 8 283912 37 284584 37 285257 37 285929 38 286601 39 287274 39 287948 39 288621 39 289293 39 289966 39 290638 39 291311 38 291984 37 292656 36 293328 36 294001 34 294673 33 295345 32 296017 31 296689 30 297361 29 298033 28 298706 10 298723 9 299380 4 299397 6 300070 3
scene_28fb1c80c3a58256,209450 2 210109 19 210780 22 211451 25 212122 27 212793 29 213465 31 214136 39 214807 42 215478 44 215536 4 216149 49 216201 12 216820 66 217492 68 218164 69 218835 72 219508 73 220180 76 220853 78 221525 80 222198 81 222870 12 222884 76 223543 10 223557 76 224217 6 224229 76 224889 5 224902 76 225562 2 225574 76 226247 76 226919 76 227592 75 228265 74 228938 74 229611 50 229663 1 229666 18 230284 47 230340 17 230958 45 231014 15 231632 43 231686 16 232305 42 232357 18 232978 42 233030 17 233652 40 233702 18 234325 39 234374 19 234997 40 235045 20 235670 39 235717 21 236343 37 236388 22 237016 67 237689 67 238362 66 239034 66 239707 65 240379 65 241051 65 241723 65 242394 67 243066 67 243738 67 244409 68 245080 69 245752 69 246423 71 247094 72 247765 73 248436 75 249107 77 249778 78 250450 78 251121 80 251793 80 252464 82 253136 83 253808 83 254479 85 255150 87 255821 89 256493 90 257163 92 257834 94 258504 97 259174 99 259845 101 260517 102 261188 103 261860 104 262531 106 263203 106 263875 107 264546 108 265218 109 265889 111 266560 113 267232 114 267903 116 268022 1 268575 119 269247 119 269919 119 270592 118 271266 117 271939 4 271951 105 272624 105 273297 115 273970 116 274644 116 275317 116 275990 115 276663 115 277339 114 278013 9 278027 100 278688 4 278701 99 279375 98 280048 97 280722 96 281396 95 282070 94 282744 92 283417 91 284089 92 284761 91 285433 91 286105 91 286778 90 287451 89 288133 79 288813 71 289486 70 290159 69 290832 68 291505 68 292178 67 292854 63 293529 60 294203 58 294876 57 295550 55 296227 50 296900 49 297573 48 298246 47 298919 46 299592 45 300265 44 300938 42 301612 23 301641 9 302286 20 302318 2 302959 18 303634 14
scene_295a2af335ac4e27,191210 2 191881 4 192552 6 193224 6 193895 8 194566 9 195238 10 195910 10 196564 7 196582 10 197235 9 197253 11 197906 11 197925 12 198578 11 198597 12 199249 12 199269 12 199921 12 199941 12 200593 13 200613 12 201264 15 201284 13 201935 34 202606 35 203278 35 203951 34 204624 33 205296 33 205969 32 206642 31 207315 30 207988 29 208660 28 209333 27 210005 27 210677 27 211349 26 212021 25 212693 22 213365 21 214037 20 214709 20 215381 20 216053 20 216725 20 217396 21 218066 23 218738 23 219409 24 220081 23 220753 23 221425 22 222097 21 222769 19 223441 17 224113 16 224785 15 225457 14 226129 8 226801 6 227474 4 228147 1
scene_2a8f7bda4901b682,227466 1 228135 5 228799 15 229460 5 229469 18 230130 8 230139 20 230801 29 231469 32 232139 34 232810 35 233481 36 234152 37 234823 38 235494 38 236166 38 236837 37 237509 36 238181 36 238853 35 239525 34 240198 32 240870 31 241544 28 242220 22 242893 20 243566 19 244238 18 244911 17 245583 16 246255 16 246926 16 247598 15 248269 16 248941 16 249613 15 250284 15 250954 16 251626 15 252298 14 252970 9 253642 7 254315 5
scene_2bd8728dd4a27eeb,209998 5 210669 7 211340 9 212011 10 212681 12 213351 14 214022 16 214694 16 215366 17 216037 19 216709 19 217382 18 218054 18 218727 18 219400 17 220073 16 220745 16 221417 16 222089 15 222762 13 223434 12 224106 11 224779 10 225453 7 226126 2
scene_2bf4c3cdc2dde64f,no-plume
scene_2dfbd425b6bd2888,no-plume
scene_2e1536ce16bd828b,no-plume
scene_2e773f2eba1638e9,no-plume
scene_2eaf86454971d94c,209988 11 210658 14 211330 15 212003 15 212676 15 213349 15 214021 16 214693 16 215365 16 216037 16 216710 15 217383 14 218056 13 218729 12 219401 12 220073 12 220745 12 221417 12 222089 12 222762 11 223434 11 224106 11 224779 10 225452 8 226125 5 226798 2
scene_2f070fd8ead5e730,228814 2 229484 5 230155 7 230826 9 231497 11 232169 12 232840 13 233512 13 234182 16 234854 16 235525 18 236197 17 236869 17 237541 17 238213 16 238885 17 239557 17 240229 17 240901 17 241572 19 242242 22 242913 24 243585 24 244257 24 244929 24 245601 24 246273 24 246945 24 247617 24 248289 24 248962 23 249635 22 250308 21 250981 20 251653 20 252325 20 252998 19 253670 19 254342 19 255016 16 255688 16 256361 15 257034 14 257707 12 258380 10 259053 8 259726 7 260399 5 350187 4 350859 4 351531 4 352203 4 352875 4 353546 5 354218 5 354890 5 355562 5 356234 5 356906 5 357578 5 358250 5 358922 5 359594 5 360266 5 360938 5
scene_2f312e8dd1b76658,78101 6 78770 10 79441 12 80113 14 80785 15 81456 16 82128 17 82801 17 83473 18 84146 19 84818 21 85491 21 86164 21 86837 22 87510 22 88182 22 88855 21 89527 22 90200 21 90873 21 91546 20 92219 21 92892 20 93565 20 94238 21 94911 21 95584 21 96257 20 96930 19 97603 19 98276 18 98950 15 99624 13 100297 12 100970 11 101645 6 215379 12 216049 16 216721 17 217393 18 218064 23 218736 24 219407 25 220079 26 220750 27 221422 27 222094 26 222766 25 223437 25 224109 24 224781 24 225453 24 226125 24 226798 22 227470 22 228142 23 228815 23 229488 23 230160 24 230833 23 231505 24 232177 24 232849 24 233521 24 234194 23 234866 23 235539 22 236212 20 236885 19 237557 18 238230 16 238903 14 239578 10 240252 7 240925 5 241598 2
scene_2f6f237f0a5812aa,no-plume
scene_309ebdf1d1f77ea3,201176 4 201846 12 202516 16 203187 18 203858 20 204529 23 205200 27 205872 32 206543 36 207215 38 207887 39 208558 41 209230 43 209902 47 210574 49 211245 51 211917 53 212589 55 213261 56 213933 57 214605 58 215277 59 215949 60 216622 59 217294 60 217968 59 218640 60 219313 60 219987 59 220662 57 221337 56 222011 55 222686 57 223362 54 224036 53 224709 52 225382 52 226055 52 226728 52 227401 52 228074 52 228747 53 229420 53 230093 52 230765 52 231437 52 232110 51 232783 50 233457 48 234144 33 234817 32 235491 30 236166 28 236844 22 237517 22 238190 21 238863 19 239537 17 240211 14 240884 13 241558 10
scene_30c487c8e8b53bcb,no-plume
scene_33a1415c2afae469,126171 1 126842 3 127514 4 128186 5 128857 6 129529 7 130201 7 130872 8 131544 9 132216 9 132888 9 133560 9 133586 1 134232 10 134257 3 134904 11 134927 5 135576 11 135598 6 136247 13 136270 7 136917 17 136941 9 137587 36 138257 40 138927 42 139598 45 140268 47 140939 49 141610 50 142281 51 142952 52 143623 53 144294 54 144965 55 145636 55 146306 57 146977 57 147648 57 148320 57 148991 57 149663 57 150336 55 151008 54 151681 52 152354 50 153027 49 153700 47 154372 47 155044 46 155715 46 156386 46 157058 46 157730 45 158402 44 159074 43 159645 7 159746 42 160316 10 160348 5 160418 41 160986 13 161018 9 161090 39 161656 16 161688 11 161762 38 162321 24 162358 14 162435 36 162991 26 163029 15 163107 35 163661 28 163700 16 163778 35 164329 33 164369 20 164450 34 164998 63 165122 33 165669 65 165793 33 166339 67 166463 32 167010 69 167133 33 167681 71 167802 35 168353 71 168473 35 169025 71 169145 33 169696 72 169816 33 170368 73 170487 33 171040 73 171159 33 171711 74 171831 31 172382 76 172502 31 173053 78 173174 30 173725 79 173846 29 174396 81 174516 29 175067 83 175182 34 175738 86 175853 34 176409 87 176524 33 177080 87 177195 33 177751 88 177866 33 178422 87 178538 33 179094 84 179209 33 179766 82 179880 33 180439 79 180551 33 181111 78 181222 34 181783 77 181894 33 182456 74 182565 31 183128 73 183237 30 183801 71 183909 29 184473 70 184580 29 185145 70 185252 28 185817 69 185924 27 186489 69 186596 26 187161 68 187268 25 187833 68 187940 25 188504 68 188613 23 189176 68 189285 22 189848 67 189958 20 190519 68 190632 17 191190 67 191305 15 191862 66 191978 13 192533 65 192651 11 193205 61 193324 9 193877 59 193998 6 194548 58 195219 58 195890 58 196562 54 197233 53 197905 52 198577 51 199249 48 199921 45 200593 44 201265 42 201937 41 202609 40 203281 40 203953 39 204625 38 205298 36 205969 37 206641 36 207312 37 207983 38 208654 38 209325 38 209996 38 210666 39 211338 39 212010 38 212681 37 213353 36 214025 36 214696 36 215367 36 216038 36 216710 35 217382 34 218054 33 218726 32 219398 32 220071 30 220744 29 221417 28 222089 27 222761 27 223433 25 224105 24 224777 24 225449 22 226121 17 226793 16 227465 15 228138 12 228811 9 229484 7 230157 5 230831 1
scene_33f7552223e44e35,218055 17 218726 19 219397 20 220069 20 220741 21 221413 21 222085 22 222757 22 223429 21 224102 20 224774 20 225447 18 226120 17 226792 17 227465 15 228137 14 228811 10 229483 10 230156 8 230829 5
scene_35a53c22d686ed98,210678 4 211351 1 215366 1 216034 6 216706 7 217378 8 218049 29 218721 31 219393 32 220065 33 220737 35 221409 35 222081 36 222753 36 223425 36 224097 36 224769 36 225442 35 226116 33 226789 32 227461 31 228134 29 228808 21 229481 18 230153 17 230826 15 231499 13 232172 11 232845 9 233517 9 234189 8 234861 8 235533 8 236205 8 236878 7 237550 7 238223 5 238898 1 239706 5 240375 10 241046 12 241718 13 242389 14 243061 15 243732 16 244404 16 245076 15 245748 15 246419 16 247090 15 247760 16 248430 18 249099 20 249770 20 250315 17 250442 19 250986 19 251112 20 251657 21 251783 21 252329 22 252454 21 253001 23 253126 20 253673 23 253798 19 254345 24 254470 19 255017 24 255142 18 255689 24 255815 17 256361 24 256487 17 257033 24 257160 16 257705 24 257833 15 258377 25 258506 14 259049 25 259179 13 259721 26 259852 12 260394 26 260525 11 261066 26 261198 10 261739 26 261870 10 262412 25 262544 8 263084 25 263757 24 264429 24 265102 22 265775 20 266449 17 267122 15 267794 14 268468 12 269141 9 269813 8 270486 7 271159 5
scene_35dca35dd097de91,226799 7 227470 9 228141 12 228812 16 229483 18 230154 20 230826 21 231498 22 232170 23 232842 23 233515 22 234188 22 234861 21 235534 21 236207 21 236880 20 237553 20 238226 19 238899 19 239572 18 240245 19 240917 19 241589 20 242261 22 242933 23 243605 24 244278 24 244950 25 245622 26 246294 27 246967 26 247640 26 248313 25 248985 26 249658 25 250331 24 251004 23 251676 23 252347 25 253018 26 253689 27 254361 28 255032 29 255704 29 256375 30 257047 30 257719 30 258391 30 259063 30 259736 29 260409 28 261081 28 261754 27 262427 26 263100 25 263773 24 264445 24 265118 22 265790 22 266462 21 267134 20 267807 19 268480 18 269153 16 269825 16 270498 15 271171 14 271844 13 272517 12 273189 12 273860 14 274531 15 275202 16 275873 17 276544 18 277214 20 277885 21 278557 21 279228 22 279900 22 280571 23 281243 23 281914 24 282585 26 283257 26 283928 28 284599 29 285269 31 285940 32 286611 34 287282 35 287953 36 288624 37 289296 37 289969 37 290641 38 291314 38 291988 36 292661 35 293334 35 294008 33 294680 33 295353 32 296026 31 296698 31 297371 31 298043 31 298715 32 299387 33 300059 33 300731 33 301402 35 302073 36 302744 37 303415 38 304086 39 304757 40 305429 40 306101 40 306773 39 307445 39 308117 39 308789 39 309461 38 310133 36 310806 35 311478 33 312151 23 312176 4 312823 19 313496 16 314169 14 314842 10 315515 6 316189 3 316862 2 317535 1 318879 1 319551 2 320222 3 320894 4 321566 4 322238 3 322910 3 323581 4 324254 3 324926 2
scene_3628dc34a5571c28,151589 5 152260 8 152931 9 153603 9 154274 11 154946 11 155618 12 156290 12 156961 13 157633 13 158306 13 158978 13 159650 13 160323 12 160995 13 161668 12 162341 12 163013 12 163685 13 164357 15 165029 17 165701 18 166374 17 167046 18 167718 18 168390 17 169062 17 169734 16 170406 15 171079 13 171754 7 181161 3 181832 4 182503 5 183175 5 183846 7 184519 6 185192 4 185866 2 191211 8 191881 12 192553 13 193224 16 193891 24 194561 27 195233 28 195904 29 196574 31 197246 31 197917 32 198589 32 199261 32 199933 32 200605 32 201278 31 201951 30 202624 29 203296 29 203969 28 204641 28 205313 28 205985 27 206657 26 207329 24 208001 24 208673 23 209344 23 210011 26 210682 27 211353 27 212025 26 212697 24 213369 23 214040 24 214712 22 215383 22 216054 23 216726 23 217397 23 218069 23 218741 23 219413 22 220084 22 220754 23 221425 24 222097 24 222769 23 223441 21 224113 20 224785 19 225457 18 226129 13 226801 12 227474 10 228147 8
scene_3635aa831a53d75e,no-plume
scene_36fc194bb3c0680a,207976 4 208647 5 209317 8 209984 13 210654 15 211325 16 211997 17 212669 19 213341 20 214013 20 214685 21 215358 22 216030 23 216703 22 217376 21 218048 21 218721 20 219393 20 220065 21 220737 23 221409 23 222081 24 222753 24 223425 24 224097 24 224769 23 225441 23 226113 21 226786 19 227457 20 228128 20 228798 20 229469 19 230141 19 230813 10 231485 9 232157 8 232829 8 233502 6
scene_37a620c0cac07050,226127 5 226798 8 227469 10 228141 11 228813 11 229485 12 230156 13 230827 14 231498 16 232169 18 232841 19 233512 21 234182 24 234853 26 235524 28 236195 29 236867 30 237538 31 238210 32 238882 33 239555 33 240227 33 240900 32 241572 32 242244 32 242916 32 243588 32 244259 33 244930 34 245602 34 246273 35 246944 35 247614 37 248286 37 248957 38 249629 38 250301 37 250973 37 251644 38 252316 38 252988 38 253660 38 254332 38 255004 38 255676 39 256348 40 257020 41 257692 43 258363 49 259035 52 259707 53 260379 55 261051 56 261723 57 262395 58 263067 58 263739 59 264411 60 265084 60 265756 62 266429 62 267102 62 267774 63 268447 62 269120 61 269793 60 270465 60 271137 61 271809 61 272482 60 273154 60 273827 58 274500 57 275172 57 275845 56 276517 56 277190 55 277863 54 278536 52 279209 51 279883 49 280556 47 281229 45 281902 41 282576 37 283249 35 283921 34 284594 32 285268 29 285940 29 286613 27 287285 27 287931 13 287958 25 288602 16 288630 24 289273 18 289303 22 289945 19 289976 21 290616 21 290649 19 291288 23 291322 18 291959 24 291996 15 292631 25 292669 12 293303 25 293343 9 293975 25 294017 4 294647 25 295319 25 295991 25 296663 25 297335 25 298006 26 298677 28 299349 29 300020 31 300691 33 301362 35 302033 37 302704 38 303375 39 304046 39 304717 40 305388 40 306059 41 306730 41 307402 40 308073 41 308745 40 309416 41 310087 41 310758 42 311430 41 312101 41 312773 40 313444 41 314115 42 314786 43 315457 45 316129 45 316801 46 317473 46 318145 47 318817 47 319489 48 320161 48 320834 47 321506 47 322179 46 322853 44 323525 45 324198 44 324871 43 325544 42 326216 42 326889 41 327561 41 328233 41 328905 41 329577 41 330249 41 330921 41 331594 40 332266 40 332938 41 333610 42 334282 43 334954 43 335626 45 336298 47 336970 49 337643 49 337760 4 338316 50 338430 7 338989 51 339100 10 339662 52 339770 12 340335 52 340441 13 341008 51 341112 14 341680 51 341783 14 342353 51 342435 4 342454 15 343025 51 343106 7 343125 15 343697 51 343777 10 343795 17 344369 51 344448 35 345041 51 345119 36 345712 52 345789 37 346383 54 346460 37 347054 56 347130 39 347725 58 347800 40 348396 60 348470 42 349067 63 349141 43 349738 72 349811 45 350409 119 351081 119 351752 120 352424 120 353096 120 353768 119 354440 119 355113 117 355786 116 356459 26 356489 85 357134 20 357163 83 357815 9 357836 83 358509 82 359182 82 359854 83 360527 83 361199 85 361872 84 362544 85 363216 86 363887 87 364559 88 365230 89 365902 8 365912 80 366573 9 366585 79 367243 11 367256 80 367914 94 368585 96 369256 97 369926 99 370586 111 371239 7 371256 113 371904 18 371924 117 372575 138 373246 139 373918 139 374589 140 375261 139 375933 139 376605 139 377277 48 377327 88 377949 46 378000 87 378621 44 378671 87 379293 43 379343 86 379965 42 380015 85 380637 41 380687 85 381310 40 381359 84 381982 41 382030 84 382654 41 382701 85 383327 42 383372 86 384000 129 384673 128 385347 126 386020 125 386694 124 387368 91 387463 28 388041 88 388136 28 388714 86 388808 29 389388 82 389480 30 390061 80 390152 31 390735 76 390824 32 391408 75 391496 33 392080 76 392167 34 392753 77 392837 37 393426 120 394098 120 394771 119 395443 119 396116 118 396788 117 397460 117 398132 117 398803 28 398838 83 399475 27 399512 9 399526 66 400147 26 400199 65 400819 26 400871 65 401491 25 401544 64 402163 25 402216 64 402836 24 402888 65 403510 21 403560 66 404196 7 404233 66 404870 4 404905 70 405577 71 406249 71 406921 71 407593 71 408265 70 408937 70 409610 68 410283 66 410956 64 411630 59 412303 56 412976 53 413649 51 414322 49 414995 47 415668 46 416341 44 417014 42 417687 40 418359 39 419031 37 419704 34 420376 31 421048 29 421720 27 422393 25 423065 24 423738 22 424411 7 424420 11 425098 3
scene_37bd9539b427b006,no-plume
scene_38318f1b4c8372c3,no-plume
scene_388ef8b841c41c25,86570 2 87239 9 87911 10 88584 9 89257 8 89930 7 90603 5 218758 6 219430 7 220101 8 220773 8 221445 8 222116 9 222787 10 222809 4 223458 11 223479 9 224129 12 224150 11 224801 12 224821 13 225473 13 225493 14 226145 14 226165 15 226817 15 226837 16 227489 16 227509 16 228160 18 228180 18 228832 40 229503 42 229554 2 230174 44 230224 6 230847 56 231519 57 232192 57 232864 57 233537 56 234209 56 234881 56 235553 56 236226 55 236898 54 237571 52 238244 50 238916 49 239589 48 240261 47 240933 47 241606 46 242278 46 242951 46 243623 46 244295 46 244968 46 245640 47 246312 48 246984 48 247656 49 248328 49 249000 49 249672 49 250344 50 251017 49 251688 50 252360 49 253032 48 253703 48 254375 47 255047 45 255719 40 256390 39 257063 37 257735 37 258408 36 259080 36 259753 35 260425 35 261097 36 261769 36 262441 36 263112 37 263164 8 263784 38 263831 17 264456 39 264501 20 265127 41 265173 21 265799 67 266471 67 267142 68 267815 67 268488 65 269160 65 269833 63 270505 62 271177 62 271849 61 272522 59 273194 59 273866 59 274538 59 275211 58 275883 59 276556 58 277228 59 277900 60 278573 59 279245 59 279917 60 280590 59 281263 58 281936 57 282611 54 283284 53 283957 52 284630 51 285303 50 285976 49 286648 48 287320 48 287992 47 288040 1 288664 50 289336 46 289383 3 290008 46 290055 4 290680 45 290726 5 291352 45 291398 6 292024 44 292069 7 292696 43 292740 8 293368 43 293412 8 294040 42 294083 9 294711 43 294755 9 295383 42 295426 9 296055 42 296098 8 296727 41 296769 8 297399 41 297441 8 298071 40 298112 9 298744 39 298784 8 299416 38 299455 9 300089 37 300127 9 300761 36 300798 11 301434 35 301470 11 302107 33 302141 12 302780 32 302813 13 303453 30 303484 15 304125 29 304155 18 304798 28 304827 20 305471 26 305498 22 306145 24 306170 24 306820 20 306841 27 307495 17 307513 28 308169 14 308184 30 308843 12 308856 31 309518 8 309527 33 310191 7 310199 34 310864 5 310870 35 311537 4 311542 35 312210 2 312213 9 312229 21 312883 1 312885 8 312902 20 313557 7 313574 20 314246 20 314918 19 315590 19 316262 19 316934 19 317606 19 318278 19 318951 18 319623 19 320297 17 320973 14 321648 12 322321 11 322995 10 323668 10 324341 9 325014 9 325687 9 326341 5 326361 7 327013 7 327034 7 327685 7 327706 6 328356 8 328380 3 329028 8 329700 8 330373 6 331047 1
scene_3a2e5b612cc555da,122153 7 122822 11 123492 15 124161 20 124831 23 124872 4 125502 26 125541 9 126172 29 126210 15 126843 57 127513 61 128185 62 128856 63 129527 65 130198 66 130870 66 131542 66 132214 66 132886 66 133558 66 134230 66 134902 66 135574 65 136245 66 136917 65 137589 65 138261 64 138933 64 139605 64 140277 64 140949 64 141621 63 142293 62 142966 60 143638 60 144311 58 144985 56 145658 54 146331 52 147005 50 147678 48 148351 46 149031 38 149705 35 150379 33 151052 31 151725 29 152398 27 153070 26 153742 26 154415 24 155087 23 155760 21 156432 20 157104 19 157776 18 158448 17 159120 17 159791 17 160463 17 161135 16 161806 17 162478 16 162530 7 163149 17 163201 18 163821 16 163871 21 164493 16 164542 24 165165 15 165213 27 165837 15 165884 30 166509 14 166555 33 167182 12 167226 37 167854 11 167896 40 168527 10 168567 42 169200 8 169237 44 169874 4 169907 47 170578 48 171248 51 171919 52 172590 53 173261 54 173932 55 174603 57 175274 58 175944 60 176613 64 177282 67 177951 71 178622 73 179293 75 179965 76 180637 77 181309 79 181981 80 182653 80 183325 80 183997 80 184669 80 185341 79 186013 79 186686 77 187358 77 188030 77 188702 76 189375 75 190047 75 190719 75 191276 8 191392 74 191946 12 192064 74 192617 14 192736 74 193288 17 193408 74 193959 20 194080 73 194630 34 194752 73 195301 38 195424 73 195972 41 196095 73 196611 8 196643 43 196767 72 197281 15 197313 47 197439 71 197951 19 197982 52 198110 71 198622 86 198782 69 199293 90 199453 69 199963 94 200125 69 200633 97 200796 69 201293 111 201426 2 201468 68 201957 120 202095 5 202139 68 202626 124 202765 8 202810 67 203297 126 203435 10 203482 66 203967 129 204106 11 204154 65 204638 132 204776 13 204825 65 205309 152 205497 63 205980 153 206168 41 206220 11 206651 153 206840 38 206895 6 207322 154 207510 37 207622 2 207993 155 208180 38 208294 4 208664 156 208846 43 208965 7 209336 156 209515 45 209637 8 210007 157 210185 46 210308 10 210678 158 210855 47 210980 11 211349 159 211526 48 211652 12 212021 159 212197 49 212323 14 212692 160 212869 48 212995 14 213363 161 213540 49 213666 16 214035 160 214211 50 214338 17 214706 161 214883 50 215009 18 215378 161 215554 29 215586 19 215680 19 216050 160 216226 29 216258 19 216352 19 216722 160 216897 30 216931 18 217023 20 217393 161 217569 52 217694 22 218065 161 218241 52 218365 23 218737 160 218912 53 219036 25 219408 161 219584 53 219708 26 220080 161 220256 53 220379 29 220751 161 220927 54 221051 32 221423 161 221599 53 221723 33 222094 161 222271 52 222396 32 222744 4 222752 3 222765 161 222943 41 222987 1 223069 32 223413 183 223616 38 223743 30 224084 183 224288 36 224416 29 224755 182 224960 34 225090 27 225427 179 225634 17 225764 25 226098 178 226308 11 226438 22 226769 177 226982 6 227113 19 227440 176 227787 17 228111 7 228120 166 228462 13 228778 6 228792 83 228876 35 228927 29 229135 9 229448 8 229464 114 229603 23 229809 2 230119 9 230136 12 230152 96 230278 19 230790 11 230812 6 230824 91 230953 14 231462 11 231496 80 231630 5 232133 16 232168 78 232805 16 232841 76 233477 16 233514 73 234148 18 234188 23 234212 44 234820 21 234862 10 234873 52 235491 26 235539 5 235545 51 236162 27 236213 3 236225 41 236834 27 236887 1 236889 48 237505 30 237561 47 238177 30 238233 47 238848 31 238905 46 239519 34 239577 45 240191 35 240249 45 240862 36 240922 43 241534 36 241597 40 242206 37 242268 40 242877 38 242939 41 243549 38 243611 40 244221 38 244284 21 244312 11 244894 36 244957 16 244987 8 245566 36 245629 13 245661 6 246238 36 246302 11 246332 8 246910 35 246975 7 247003 10 247582 35 247674 13 248254 34 248345 15 248926 34 249016 16 249598 33 249687 18 250270 32 250358 19 250942 32 251029 21 251614 31 251700 22 252286 31 252370 24 252958 31 253039 28 253630 31 253708 31 253800 7 254302 31 254378 34 254468 13 254974 30 255049 35 255136 20 255646 30 255720 36 255803 27 256318 29 256392 37 256470 32 256990 28 257063 38 257141 33 257662 28 257734 39 257812 36 258334 28 258372 8 258406 39 258484 39 259005 28 259042 12 259078 39 259155 40 259677 28 259713 14 259750 39 259827 40 260349 28 260383 17 260422 40 260499 42 261020 28 261054 18 261094 40 261170 43 261691 29 261725 20 261765 42 261842 43 262363 28 262396 21 262437 43 262514 45 263034 28 263068 21 263109 43 263185 49 263705 29 263740 21 263781 44 263856 51 264375 31 264411 23 264453 44 264528 51 265046 32 265082 24 265125 45 265198 55 265717 33 265753 25 265797 46 265869 56 266387 35 266425 25 266469 47 266538 59 267058 36 267097 25 267141 47 267206 65 267729 36 267768 27 267813 48 267876 67 268401 36 268440 26 268485 48 268546 69 269072 37 269112 26 269157 49 269216 72 269744 35 269783 27 269829 50 269886 77 270415 35 270455 27 270501 51 270556 79 271086 36 271126 28 271173 53 271227 80 271758 35 271797 28 271845 135 272429 36 272469 28 272517 136 273101 35 273141 27 273188 137 273772 35 273813 26 273860 137 274442 36 274485 24 274532 54 274588 82 275114 35 275157 22 275204 53 275263 79 275785 36 275829 20 275876 52 275937 77 276456 36 276500 18 276549 49 276615 70 277126 37 277172 16 277221 49 277292 64 277797 37 277844 15 277894 47 277967 59 278469 36 278515 15 278566 47 278641 55 279140 36 279187 14 279239 46 279317 47 279810 37 279859 13 279912 44 279993 35 280482 35 280530 13 280585 43 280668 28 281153 36 281202 12 281259 41 281342 9 281825 34 281874 11 281937 34 282497 32 282546 11 282615 27 283169 31 283218 10 283290 23 283840 31 283890 9 283965 19 284512 30 284563 7 284640 15 285183 30 285236 5 285315 9 285854 30 285909 3 285990 4 286526 30 287198 28 287870 26 288542 25 289214 24 289888 20 290561 17 291233 16 291906 14 292579 10
scene_3a66a86c802fc836,212674 6 213345 9 214016 11 214688 13 215360 15 216031 17 216703 18 217375 19 218047 22 218719 25 219391 25 220064 24 220737 24 221409 24 222081 24 222754 23 223427 22 224100 21 224773 20 225445 20 226118 19 226791 18 227464 17 228137 15
scene_3ad2e46dd5526884,140089 11 140758 15 141429 17 142101 18 142772 19 143444 20 144115 21 144786 23 145457 24 146128 26 146800 27 147471 30 148142 34 148814 35 149485 37 150156 39 150827 41 151498 43 152169 45 152839 48 153507 53 154178 54 154849 56 155520 59 156191 62 156862 65 157534 67 158205 71 158877 74 159549 75 160220 77 160892 78 161564 80 162236 81 162908 82 163580 83 164253 83 164925 84 165598 83 166271 82 166944 81 167617 81 168289 81 168961 81 169633 82 170305 82 170977 83 171650 83 172322 84 172994 85 173667 85 174340 84 175012 85 175685 84 176357 85 177029 85 177701 85 178373 85 179045 86 179717 87 180388 88 181060 89 181732 89 182404 89 183077 89 183749 90 184421 91 185094 90 185768 89 186441 88 187113 88 187786 87 188460 85 189133 84 189806 83 190478 84 191151 83 191825 81 192498 80 193171 79 193844 78 194517 77 195189 77 195862 76 196534 3 196543 67 197216 66 197888 65 198561 64 199233 64 199905 64 200578 63 201251 62 201926 58 202600 56 203274 54 203948 51 204622 48 205294 47 205967 45 206640 38 207313 36 207986 33 208659 31 209334 25 210011 17 210685 13 211358 10 212034 2
scene_3b9db7b479f8e54d,199927 5 200598 6 201271 5 201943 5 202602 2 202616 4 203272 6 203288 4 203942 10 203960 4 204613 12 204632 4 205283 15 205304 4 205955 18 205976 5 206628 25 207300 25 207972 25 208645 24 209318 24 209991 24 210665 23 211337 24 212011 22 212684 21 213357 20 214029 20 214701 20 215373 20 216045 20 216717 20 217389 20 218061 20 218733 19 219405 19 220078 17 220752 14 221425 12 222097 12 222770 10 223444 6 224117 4 224789 4
scene_3c1e472411fe5a2d,199219 1 199889 6 200561 7 201232 9 201904 10 202535 6 202575 12 203206 9 203247 13 203876 12 203920 12 204546 15 204592 12 205217 16 205251 3 205264 13 205889 17 205922 6 205936 13 206560 19 206593 9 206607 14 207230 23 207263 31 207307 1 207902 25 207933 33 207977 6 208573 27 208605 34 208649 7 209245 29 209275 37 209320 8 209917 69 209992 9 210588 73 210664 9 211260 84 211931 84 212603 83 213274 83 213946 83 214619 82 215291 82 215963 82 216636 81 217308 81 217980 81 218652 82 219325 81 219998 80 220672 77 221346 65 221413 8 222019 63 222088 5 222682 1 222691 62 222762 2 223351 5 223364 61 224021 7 224036 61 224692 9 224708 61 225363 11 225380 61 226034 13 226052 61 226705 15 226725 60 227377 16 227396 61 228048 18 228068 60 228720 80 229391 80 230063 79 230735 79 231407 78 232079 78 232752 76 233424 76 234096 74 234768 73 235440 73 236112 72 236784 72 237456 72 238128 30 238159 41 238800 30 238833 39 239473 29 239509 36 240145 29 240184 33 240818 28 240856 34 241491 30 241527 35 242163 72 242835 73 243507 73 244179 73 244850 73 245522 73 246193 74 246865 73 247535 74 248206 73 248878 71 249549 69 250220 66 250891 65 251563 64 252235 63 252907 56 252964 5 253579 55 254251 55 254925 53 254982 2 255598 52 255653 4 256272 51 256324 5 256945 56 257617 56 258290 45 258336 9 258962 41 259009 8 259634 38 259682 6 260306 33 260355 5 260978 27 261030 1 261651 23 262323 22 262995 22 263668 21 264341 20 265014 19 265688 17 266362 16 267036 14 267709 13 268382 12 269055 11 269728 9 270400 9 271073 7 271746 6
scene_3c6eaa6ac4462e8d,206592 10 207255 22 207923 28 208594 30 209265 32 209937 36 210608 40 211280 41 211953 41 212625 43 213297 44 213969 44 214641 45 215313 47 215985 48 216658 47 217331 47 218003 49 218676 51 219349 51 220023 50 220703 48 221376 48 222049 48 222722 47 223408 33 223999 7 224081 32 224670 9 224754 31 225342 9 225427 30 226013 10 226110 19 226684 10 226784 17 227356 9 227457 15 228028 8 228130 14 228701 6 229373 5 230046 2 233393 3 234063 6 234734 7 235406 8 236078 8 236751 7 237423 8 237438 11 238096 8 238108 13 238769 24 239441 23 240113 23 240786 22 241458 22 242130 21 242802 21 243474 21 244149 18 244823 15 245496 14 246169 12 246842 10 247516 7 248190 4
scene_3cf8ed6e41378cac,166974 4 167645 9 168316 13 168989 15 169661 20 170334 22 171006 22 171677 24 172349 24 173021 25 173693 25 174365 25 175037 24 175709 24 176381 24 177053 23 177725 22 178396 22 179068 22 179739 25 180410 27 181081 28 181753 29 182424 31 183094 34 183765 36 184437 36 185109 36 185781 36 186453 36 187125 36 187797 36 188469 36 189141 36 189813 36 190486 33 191160 30 191833 28 192505 27 193177 26 193849 25 194521 24 195193 24 195865 24 196537 24 197209 24 197881 24 198554 23 199226 23 199899 22 200572 21 201244 21 201917 20 202589 21 203261 21 203933 22 204605 23 205277 24 205949 24 206622 24 207295 24 207968 24 208640 24 209313 23 209985 24 210657 24 211330 22 212003 20 212677 16 213350 14 214023 12 214697 8 215372 4 217388 4 218058 9 218729 11 219401 12 220073 12 220745 12 221417 12 222089 12 222761 12 223433 12 224105 12 224777 12 225450 11 226123 9 226797 7 227470 4 242559 10 243229 14 243899 16 244569 17 245239 18 245910 18 246581 18 247253 17 247925 16 248596 17 249268 17 249939 18 250611 19 251283 19 251954 20 252626 21 253298 22 253969 24 254641 24 255312 25 255983 26 256654 28 257326 28 257997 28 258669 28 259341 28 260013 27 260685 26 261358 23 262030 22 262702 21 263375 19 264048 17 264721 15 265394 13 266068 9
scene_3d1a33610d4b348d,196585 14 197255 17 197926 18 198597 19 199267 21 199938 22 200610 22 201281 22 201953 21 202625 20 203297 20 203968 21 204638 23 205309 24 205981 24 206652 25 207322 27 207994 27 208665 28 209337 28 210009 28 210680 29 211352 29 212023 29 212694 29 213365 29 214037 28 214709 27 215380 26 216051 26 216722 26 217393 26 218064 22 218734 23 219408 21 220078 2 220082 17 220749 5 220756 14 221421 8 221430 11 222093 10 222105 7 222765 12 222779 4 223437 15 224109 16 224782 14 225454 12
scene_3e4aae5ebaf99cd7,45338 3 45349 3 46009 18 46681 19 47352 21 48024 22 48696 23 49368 24 50040 25 50712 26 51385 26 52057 28 52729 28 53402 28 54075 27 54752 23 55427 20 56099 19 56771 19 57443 19 58115 18 58786 19 59438 1 59458 19 60110 1 60129 20 60801 20 61473 21 62145 21 62816 22 63488 23 64160 24 64832 24 65503 26 66175 26 66847 26 67518 27 68190 27 68862 27 69535 26 70181 8 70208 25 70851 13 70880 25 71522 15 71553 24 72195 15 72227 22 72867 16 72905 16 73539 17 73579 14 74211 18 74252 14 74884 17 74924 15 75557 17 75596 15 76229 19 76268 16 76902 19 76940 16 77575 19 77612 16 78247 21 78284 17 78920 21 78956 17 79593 21 79628 17 80266 22 80299 18 80939 22 80971 18 81612 21 81642 19 82285 21 82314 19 82958 22 82985 20 83631 46 84304 45 84977 44 85650 44 86323 43 86996 43 87668 43 88341 43 89014 42 89686 42 90359 41 91032 39 91705 37 92377 36 93049 35 93721 33 94394 31 95066 30 95738 29 96411 27 97084 25 97756 25 98429 24 99101 23 99773 23 100445 22 101118 21 101790 20 102464 17 103137 16 103810 14 104485 10 127962 1 128633 3 129304 4 129976 4 130648 4 131322 2 140737 7 141407 10 142079 10 142751 9 142782 1 143407 1 143424 8 143452 4 144079 1 144098 6 144125 2 149482 2 150153 5 150825 6 151496 8 152168 8 152840 7 153513 6 154185 5 154857 4 155530 1 186466 3 187137 5 187808 7 188478 10 189149 11 189821 12 190492 13 191163 14 191834 15 192506 15 193178 15 193849 16 194521 16 195193 16 195865 16 196537 16 197209 16 197881 16 198553 16 199224 17 199854 7 199878 6 199895 18 200526 8 200550 7 200566 19 201197 9 201222 7 201238 18 201869 10 201895 6 201910 18 202541 11 202567 6 202581 19 203213 11 203239 7 203253 19 203885 11 203911 8 203924 20 204558 10 204584 32 205230 11 205256 32 205903 10 205928 32 206578 9 206598 34 207254 51 207927 50 208600 49 209272 50 209945 50 210617 51 211289 52 211961 53 212633 61 213305 63 213978 63 214650 63 215323 62 215996 11 216014 44 216669 8 216687 43 217361 40 218035 38 218708 37 219381 36 220053 36 220725 36 221397 36 222070 36 222743 35 223417 35 224090 34 224763 34 225436 33 226109 33 226781 34 227454 33 228127 31 228821 8 229495 5 230169 3
scene_3ef7c3f5e9f82a04,208038 2 208709 4 209365 7 209378 9 210029 32 210700 35 211371 37 212042 38 212714 38 213385 40 214057 40 214728 41 215399 42 216070 43 216741 44 217412 45 218081 48 218751 49 219422 50 220093 49 220759 49 221430 48 222101 48 222772 48 223442 44 224114 43 224785 44 225457 42 226129 37 226801 25 226832 4 227473 24 227506 2 228146 23 228820 21 229493 20 230166 19 230839 18 231517 12 232191 9 232864 8 233538 4 425722 11 426392 23 427061 27 427729 31 428398 34 429069 35 429739 36 430406 40 431075 43 431746 43 432418 42 433090 41 433762 40 434434 39 435108 35 435782 29 436456 24 437129 21 437802 18
scene_3f1172366ff1a99a,no-plume
scene_4020446ca222b414,212678 3 213346 10 214017 12 214689 13 215361 15 216033 16 216062 3 216706 16 216733 5 217378 16 217404 7 218051 15 218075 9 218723 15 218746 10 219395 15 219417 12 220068 14 220089 12 220740 14 220761 12 221412 13 221432 14 222085 12 222104 15 222757 11 222776 16 223429 11 223448 19 224102 9 224120 21 224774 9 224791 23 225446 7 225463 23 226119 5 226134 24 226791 2 226806 24 227477 25 228149 25 228821 26 229493 26 230165 26 230837 27 231509 28 232181 29 232854 29 233527 29 234203 25 234879 22 235552 21 236224 21 236897 21 237569 21 238241 21 238913 21 239584 22 240255 22 240926 23 241594 26 242262 28 242933 29 243604 29 244275 30 244946 31 245617 32 246289 31 246960 32 247630 33 248301 34 248973 33 249645 33 250317 32 250989 32 251661 31 252333 30 253005 29 253677 28 254349 28 255021 28 255693 27 256365 27 257037 26 257709 25 258381 25 259053 24 259725 24 260397 24 261069 24 261741 23 262413 23 263085 22 263757 21 264429 20 265101 20 265773 20 266445 20 267117 20 267789 20 268464 17 269137 16 269811 14 270484 14 271157 14 271831 13 272504 13 273177 12 273849 13 274521 15 275193 15 275865 16 276537 16 277209 15 277881 15 278553 15 279224 16 279896 15 280567 15 281239 15 281910 15 282582 15 283254 15 283926 15 284598 15 285270 14 285942 14 286614 13 287289 7
scene_413cea6d2b78677f,132481 6 133152 8 133823 10 134495 10 135166 12 135838 12 136509 13 137181 13 137834 8 137852 13 138505 13 138523 14 139177 32 139849 31 140521 31 141193 31 141865 30 142537 29 143209 29 143881 28 144554 27 145226 27 145879 7 145898 26 146536 6 146549 10 146571 25 147207 25 147243 25 147878 27 147915 24 148549 28 148587 24 149221 29 149259 23 149892 31 149931 22 150563 34 150601 23 151235 60 151906 60 152578 58 153250 57 153922 56 154594 56 155267 54 155940 53 156614 50 157289 48 157963 47 158635 47 159308 47 159980 48 160652 50 160728 7 161324 51 161396 12 161996 53 162064 17 162668 54 162732 22 163341 53 163402 25 164013 54 164072 27 164685 81 164767 5 165358 80 165439 5 166045 62 166108 8 166719 60 166780 7 167393 66 168068 29 168101 30 168747 19 168775 9 168791 11 169425 11 169449 4 169465 8 170101 5 170142 1 178260 7 178930 10 179601 13 180272 19 180943 24 180978 2 181613 28 181648 5 182285 29 182318 8 182956 43 183627 44 184298 45 184968 47 185639 47 186310 47 186982 46 187653 46 188324 46 188995 46 189666 47 190338 48 191009 49 191681 50 192353 50 193025 51 193697 53 194369 56 195041 59 195713 60 196385 61 197056 62 197729 62 198401 62 199073 62 199745 62 200418 61 201090 61 201762 62 202434 62 203106 62 203778 62 204449 63 205121 64 205792 64 206464 64 207135 65 207807 65 208478 66 209150 66 209822 66 209910 3 210494 66 210580 9 211167 65 211251 13 211269 5 211843 34 211878 26 211923 25 212518 31 212550 27 212595 26 213192 58 213267 27 213867 56 213938 29 213990 2 214542 54 214608 31 214661 8 215217 52 215277 35 215332 14 215891 93 216003 28 216565 91 216675 29 217238 90 217346 31 217912 87 218017 35 218585 86 218688 38 219259 2 219268 74 219360 39 219941 72 220030 43 220613 71 220694 58 221286 69 221365 60 221958 67 222037 61 222630 65 222709 62 223302 63 223381 63 223974 62 224053 64 224646 16 224664 42 224725 64 225318 12 225340 37 225397 65 225991 8 226014 33 226069 67 226664 4 226688 30 226742 67 227363 25 227414 67 228036 18 228086 67 228709 14 228758 67 229382 11 229430 67 230054 10 230102 67 230728 6 230773 68 231402 2 231445 68 232116 68 232788 68 233459 68 234128 34 234181 16 234794 38 234855 12 235466 37 235528 10 236138 36 236202 6 236811 16 236835 10 237483 14 237509 7 238156 11 238182 5 238830 7
scene_42143a54e5d554ad,no-plume
scene_4299dcaeb7f317c2,no-plume
scene_44492d2da1b07fdf,no-plume
scene_4474f1ddd646bbba,218046 10 218716 13 219387 15 220058 16 220684 15 220728 20 221351 22 221398 22 222022 24 222069 24 222692 26 222740 25 223362 29 223411 26 224032 31 224081 28 224703 32 224753 28 225374 32 225424 29 226046 31 226087 38 226717 32 226757 40 227389 32 227428 41 228060 34 228099 42 228731 36 228768 45 229402 83 230074 83 230745 84 231417 84 232089 84 232761 84 233433 83 234104 82 234776 81 235448 80 236119 76 236789 73 237459 74 238129 76 238801 75 239473 73 240145 72 240817 71 241489 71 242162 68 242834 67 243508 65 244183 29 244223 21 244857 24 244900 16 245531 20 245573 14 246204 18 246246 12 246878 14 246919 10 247554 8 247597 3
scene_44c355066733b370,225458 2 226127 8 226798 10 227469 11 228140 12 228810 14 229481 15 230152 16 230823 16 231491 19 232162 19 232833 20 233505 19 234177 17 234849 16 235521 16 236194 14 359791 4 360458 10 361127 14 361798 15 362467 18 363134 24 363805 25 364475 27 365143 31 365182 2 365814 32 365854 3 366485 33 366525 5 367156 34 367197 5 367827 35 367869 4 368497 37 368541 3 369168 38 369214 2 369840 37 370511 38 371182 39 371854 39 372525 40 373197 40 373869 39 374541 39 375213 39 375885 39 376557 39 377162 3 377229 39 377832 8 377900 40 378502 13 378572 39 379173 22 379244 38 379844 32 379916 37 380516 32 380588 37 381187 33 381260 36 381858 34 381932 35 382530 34 382604 33 383201 35 383276 32 383873 35 383930 9 383947 32 384545 35 384598 16 384616 33 385217 36 385267 53 385889 37 385936 55 386561 102 387233 102 387905 101 388577 101 389250 102 389922 104 390594 105 391266 106 391938 106 392610 106 393282 107 393954 106 394626 105 395297 105 395969 104 396641 103 397312 102 397984 100 398656 98 399328 98 400000 97 400671 98 401343 97 402015 96 402687 96 403359 96 404031 96 404703 96 405375 97 406047 97 406719 97 407391 97 408063 97 408735 97 409407 97 410079 97 410752 95 411424 93 412096 92 412768 92 413440 90 414112 89 414784 88 415456 87 416129 85 416801 84 417474 83 418153 74 418828 69 419502 63 420175 60 420847 58 421518 56 422190 54 422841 4 422862 52 423511 6 423533 52 424182 8 424205 52 424853 10 424877 51 425524 12 425548 51 426195 13 426220 51 426866 15 426891 52 427537 18 427562 53 428207 22 428232 55 428878 81 429550 81 430222 80 430894 80 431566 80 432238 79 432910 79 433582 78 434255 76 434927 73 435600 54 435656 13 436272 51 436334 2 436944 50 437617 49 438289 48 438962 47 439634 46 440307 45 440979 46 441652 45 442325 43 442998 42 443670 42 444343 41 445016 39 445689 36 446361 35 447034 33 447707 31 448380 28 449054 25 449727 23 450399 22 451071 22
scene_46a3eb5aa6a4ac62,no-plume
scene_4727fe8899246399,no-plume
scene_47499f31b842c9cd,207301 3 207972 5 208643 7 209313 11 209984 14 210653 19 211324 20 211996 21 212668 24 213339 26 214012 26 214685 26 215357 27 216030 27 216703 26 217375 26 218048 25 218720 24 219392 24 220064 25 220735 26 221404 29 222074 31 222746 31 223418 31 224090 31 224763 30 225436 29 226109 28 226782 7 226792 17 227464 17 228137 16 228810 15 229483 14 230156 12 230828 12 231501 9 232173 8 232846 7 233519 4
scene_4879839bbdf641f6,no-plume
scene_48ee04428ac83103,no-plume
scene_49491b0ba950e883,129977 3 130649 3 133343 6 134015 7 134686 9 135358 9 136030 9 136702 9 137373 9 138045 9 138717 9 139389 9 140061 8 140732 9 141404 9 142076 8 142747 9 143419 8 144089 10 144758 13 145429 14 146099 16 146771 16 147443 15 148114 16 148786 16 149458 16 150130 15 150803 14 151475 14 152147 14 152819 13 153491 13 154163 13 154835 13 155506 14 156178 14 156850 14 157522 14 158193 15 158865 15 159537 15 160208 14 160879 11 161550 10 162222 8 162893 9 163565 8 164237 8 164909 8 165580 9 166253 10 166925 17 167597 19 168269 20 168941 20 169613 21 170285 22 170957 22 171629 21 172301 20 172974 19 173646 18 174318 17 174989 16 175661 16 176333 15 177005 15 177677 15 178349 15 179021 16 179692 17 180363 18 181034 19 181706 19 182378 19 183049 20 183721 21 184394 20 185066 19 185739 18 186411 18 186474 3 187085 16 187143 9 187760 12 187814 11 188485 14 189157 16 189828 17 190491 1 190497 21 191160 32 191831 34 192503 34 193176 34 193848 35 194521 35 195193 35 195866 34 196540 32 197213 31 197885 31 198557 31 199229 31 199901 31 200573 31 201245 32 201917 33 202589 33 203261 34 203933 35 204605 37 205277 38 205949 39 206621 40 207293 41 207965 43 208637 43 209310 40 209982 39 210654 38 211326 38 211998 37 212670 36 213342 36 214014 35 214686 35 215357 36 216029 36 216701 35 217372 35 218042 36 218714 35 219385 35 220057 34 220729 33 221401 32 222074 31 222746 31 223418 31 224090 31 224762 30 225434 29 226106 27 226777 27 227449 26 228121 24 228793 21 229465 20 230138 19 230811 17
scene_4a9d386adf0ed83e,236883 4 237554 7 238225 8 238897 9 239569 11 240241 11 240913 12 241585 12 242257 13 242929 14 243601 15 244273 16 244945 17 245617 18 246290 18 246963 18 247636 19 248309 19 248981 20 249653 20 250325 20 250997 20 251669 20 252342 19 253016 17 253689 16 254361 16 255034 15 255711 9 256384 8 257057 7 257729 7 258401 7 259073 7 259745 7 260417 7 261089 7 261761 8 262433 7 263106 6 263779 2
scene_4ab04e2e5dc94809,no-plume
scene_4c7bccda52e4b5a4,no-plume
scene_4d03aaff97e03324,no-plume
scene_4e330ad5f11cc13e,201974 1 202645 3 203316 5 203987 7 204658 10 205329 12 206001 12 206673 13 207346 14 208018 14 208690 15 209364 13 210037 12 210709 12 211381 11 212054 9 212728 6 213401 4 214074 2 221451 1 222122 5 222793 7 223464 8 224135 9 224806 10 225478 10 226150 10 226822 10 227493 11 228166 10 228838 9 229510 9 230182 8 230854 7 231527 5 232199 4 248280 4 248951 6 249623 7 250294 9 250966 11 251638 11 252310 12 252982 14 253654 15 254326 15 254998 15 255669 17 256341 17 257013 18 257685 19 258357 21 259029 23 259701 23 260374 22 261046 23 261718 23 262390 23 263064 21 263737 20 264409 20 265082 19 265754 19 266427 18 267100 17 267772 18 268444 19 269116 20 269788 20 270460 21 271132 21 271804 22 272477 22 273149 24 273821 26 274493 27 275165 27 275837 27 276509 26 277181 24 277853 18 278526 16 279198 15 279872 12 280545 11 281217 10 281891 5
scene_4f4ede3c4804add0,no-plume
scene_4fee18a502673ed3,no-plume
scene_50228af9b6456189,85559 8 86227 13 86898 14 87569 15 88241 16 88913 16 89584 17 90256 17 90928 18 91600 19 92272 19 92944 20 93616 21 94288 22 94947 10 94959 25 95618 39 96289 42 96960 44 97631 45 98303 46 98974 47 99646 47 100317 48 100989 48 101660 49 102331 50 103002 51 103673 52 104344 53 105016 53 105687 54 106359 54 107031 54 107703 54 108375 54 109048 53 109720 54 110392 56 111065 56 111737 57 112409 58 113082 59 113754 69 114426 70 115099 70 115771 71 116444 72 117116 72 117789 71 118462 71 119134 71 119807 70 120480 69 121152 69 121825 67 122497 67 123169 67 123842 65 124514 65 125186 64 125859 63 126531 62 127203 62 127876 61 128548 61 129220 60 129893 59 130565 59 131238 57 131910 55 132583 52 133256 50 133929 46 134602 42 135275 39 135948 38 136622 36 137296 34 137969 33 138642 32 139315 33 139999 23 140672 26 141345 28 141387 2 142016 33 142058 6 142688 37 142729 7 143360 38 143400 9 144031 39 144072 9 144703 38 144745 8 145374 38 145417 8 146046 37 146090 7 146718 36 146763 5 146798 4 147391 34 147468 8 148064 31 148120 31 148737 29 148790 34 149410 27 149461 35 150087 21 150133 36 150771 7 150805 36 151446 2 151477 36 152149 36 152821 36 153494 36 154166 36 154838 36 155511 35 156183 35 156856 34 157528 34 158200 34 158872 34 159544 33 160216 34 160888 35 161560 36 162232 37 162904 38 163576 41 163621 3 164248 52 164920 53 165593 52 166265 53 166937 53 167609 53 168282 52 168954 52 169627 50 170300 49 170972 49 171644 48 172317 47 172989 46 173661 46 174334 46 175007 45 175680 45 176352 45 177025 45 177697 45 178369 47 179041 47 179713 47 180386 46 181058 47 181730 47 182403 46 183076 45 183749 43 184421 43 185094 42 185767 41 186440 40 187113 39 187786 37 188462 33 189136 30 189809 29 190482 29 191155 29 191828 28 192501 27 193174 27 193847 26 194520 25 195193 24 195866 23 196538 23 197211 22 197884 21 198555 22 199227 22 199898 23 200570 23 201242 23 201913 23 202585 23 203257 23 203929 23 204601 23 205273 22 205948 19 206621 19 207296 16 207955 1 207969 15 208627 1 208641 15 209299 1 209313 15 209970 2 209985 16 210642 3 210657 16 211314 2 211329 16 212001 16 212673 16 213345 16 214017 16 214689 17 215362 17 216034 18 216706 19 217379 18 218052 19 218725 19 219397 19 220069 20 220742 19 221414 19 222087 18 222760 17 223434 15 224107 13 224780 12 225454 8
scene_50aef2ea652b2e4e,no-plume
scene_511be293c36dec87,90331 1 91001 8 91672 12 92343 14 93014 15 93686 15 94358 15 95029 16 95701 16 96372 17 97044 17 97701 3 97715 17 98371 7 98386 18 99043 8 99057 19 99714 11 99728 19 99754 1 100366 5 100386 32 100423 5 101037 8 101058 32 101094 7 101709 10 101730 33 101765 7 102380 13 102403 32 102436 8 103051 15 103076 40 103723 16 103748 40 104397 13 104419 38 105090 37 105762 36 106432 39 107102 42 107774 42 108445 43 109117 44 109789 44 110461 45 111134 45 111805 46 112476 48 113147 50 113818 58 114489 66 114556 6 115160 76 115831 77 116502 79 117173 81 117844 84 118515 86 119186 89 119858 92 120529 96 121199 100 121870 102 122541 104 123211 108 123882 114 124553 116 125224 34 125260 82 125895 34 125933 82 126566 34 126606 82 127238 33 127278 83 127909 33 127950 83 128580 34 128622 85 129251 35 129294 86 129922 36 129966 86 130593 37 130637 87 131266 37 131308 89 131938 39 131979 90 132610 6 132623 118 133295 118 133965 119 134637 119 135308 119 135979 119 136650 120 137321 120 137993 119 138664 120 138799 1 139336 120 139467 8 140008 120 140137 13 140679 121 140806 21 141351 122 141476 25 142022 153 142694 154 143366 154 144037 155 144709 155 145380 156 146051 156 146723 156 147394 157 148066 29 148102 121 148738 28 148776 119 149409 29 149449 117 150081 28 150121 36 150163 75 150753 27 150793 34 150838 7 150851 59 151425 26 151464 34 151524 58 152097 25 152136 33 152197 56 152769 25 152808 31 152870 55 153441 26 153479 15 153498 11 153544 52 154113 26 154150 14 154217 51 154785 26 154822 14 154889 51 155457 28 155494 14 155562 50 156129 28 156166 13 156236 49 156801 29 156838 13 156909 48 157473 29 157511 13 157581 48 158144 30 158183 13 158253 49 158816 31 158856 12 158925 50 159487 32 159529 11 159597 51 160159 32 160201 11 160269 52 160831 33 160873 11 160941 52 161503 33 161545 11 161613 52 162175 34 162217 11 162284 54 162847 34 162890 9 162956 54 163520 34 163562 7 163628 54 164192 35 164299 56 164865 36 164971 56 165537 37 165642 57 166210 36 166314 57 166882 36 166986 57 167554 36 167658 56 168227 35 168330 56 168899 35 169002 56 169571 34 169674 56 170244 33 170346 56 170917 32 171018 56 171590 31 171690 56 172263 30 172362 56 172937 28 173034 56 173609 28 173706 56 174281 28 174379 55 174952 29 175051 55 175624 30 175724 54 176294 32 176396 54 176964 34 177067 56 177634 36 177737 58 178305 16 178324 18 178408 59 178976 15 178997 17 179079 60 179647 16 179670 17 179749 63 180318 18 180343 16 180420 65 180990 18 181016 16 181091 67 181661 19 181689 16 181762 68 182334 18 182361 16 182434 67 183006 18 183033 17 183106 65 183678 19 183706 17 183777 62 184350 19 184378 18 184449 60 185023 18 185050 18 185121 57 185696 17 185721 19 185793 55 186369 16 186393 20 186465 53 187042 15 187065 20 187137 53 187718 11 187736 21 187809 51 188395 5 188407 22 188481 49 189075 27 189153 48 189747 27 189825 47 190419 28 190497 47 191091 29 191168 47 191763 30 191840 46 192436 10 192451 15 192512 46 193110 6 193125 15 193184 46 193782 6 193798 15 193856 46 194471 14 194529 46 195143 15 195201 46 195816 15 195873 48 196489 14 196545 49 196598 1 197162 14 197217 49 197269 3 197835 14 197890 48 197942 2 198509 14 198562 47 199183 14 199235 45 199856 15 199908 44 200529 15 200580 43 201202 14 201252 42 201875 14 201924 41 202548 13 202596 41 203220 13 203268 41 203892 13 203940 40 204564 13 204611 40 205236 13 205283 39 205908 13 205954 40 206580 13 206626 39 207251 13 207298 39 207922 8 207970 39 208592 10 208642 38 209262 14 209314 37 209932 17 209986 36 210603 18 210658 36 211274 20 211330 35 211946 20 212002 35 212618 21 212675 33 213290 22 213347 32 213962 22 214020 30 214634 23 214692 30 215306 23 215365 28 215978 23 216038 27 216650 23 216711 25 217322 23 217384 24 217994 23 218056 23 218665 24 218729 21 219337 25 219401 21 220009 25 220074 19 220681 25 220746 19 221353 26 221419 18 222025 26 222092 17 222696 28 222764 17 223368 29 223437 16 224039 31 224109 16 224711 32 224781 16 225383 33 225453 16 226054 34 226125 15 226726 35 226797 15 227398 35 227470 13 228071 34 228143 10 228753 24 229427 22 230100 21 230772 21 231445 20 232117 21 232789 21 233461 21 234132 21 234804 21 235475 22 236146 22 236816 23 237486 24 238158 23 238830 23 239502 23 240175 22 240848 20 241522 18 242196 15 242869 13 243541 12 244215 9 244890 5
scene_51bcc0b18d02c27d,no-plume
scene_5211f54e34dcd916,no-plume
scene_52ab2dab1a9b05d2,215397 3 216066 8 216738 9 217409 11 217998 22 218081 11 218669 25 218753 12 219340 27 219424 14 220011 32 220052 5 220095 16 220682 49 220766 19 221353 51 221437 21 222025 52 222108 23 222697 52 222779 26 222817 6 223369 53 223447 34 223485 12 224042 53 224118 53 224714 54 224789 55 225387 53 225461 56 226060 53 226132 59 226733 52 226803 61 227405 52 227475 62 228077 52 228147 63 228750 51 228819 72 229422 51 229491 73 230095 50 230164 73 230769 47 230838 72 231446 41 231521 66 232120 38 232194 66 232793 36 232867 66 233466 34 233541 64 234145 25 234228 50 234820 21 234901 50 235493 20 235574 50 236167 17 236249 46 236843 9 236940 26 237518 3 237614 24 238287 22 238962 18 239644 5
scene_52e3ea07b75e3f03,191183 6 191855 8 192527 9 193206 1 197890 2 198560 8 199231 20 199902 22 200574 23 201246 23 201918 23 202013 3 202590 23 202683 6 203262 24 203354 9 203934 25 204025 10 204606 26 204696 11 205278 27 205367 13 205950 27 206037 15 206623 26 206693 4 206708 16 207296 25 207363 7 207378 17 207969 25 208034 11 208048 19 208641 25 208705 33 209314 23 209377 31 209986 23 210048 31 210659 22 210719 31 211332 21 211390 31 212004 21 212062 31 212677 20 212733 31 213349 20 213405 30 214021 20 214077 29 214693 20 214749 27 215365 20 215422 24 215461 7 216037 20 216094 23 216131 10 216709 20 216768 21 216802 12 217381 20 217443 17 217473 12 218053 20 218117 15 218144 13 218725 20 218790 13 218815 14 219397 20 219463 12 219486 14 220069 19 220135 12 220157 14 220741 18 220808 12 220826 17 221413 17 221480 34 222085 16 222153 32 222757 16 222824 33 223430 15 223496 33 224102 15 224168 32 224775 13 224839 33 225449 10 225511 23 225542 2 226125 3 226183 21 226215 4 226854 21 226887 5 227527 19 227559 5 228201 16 228231 5 228878 10 228904 4 229553 7 229576 4 230226 5 230249 3
scene_52f08990d3f1c691,no-plume
scene_53d2dbb005651b87,no-plume
scene_54650df6051ab45d,161593 11 162258 20 162929 22 163600 24 164272 24 164943 26 165614 28 166287 28 166959 29 167018 10 167631 32 167686 17 168304 34 168357 19 168977 36 169029 20 169649 38 169701 22 170322 38 170372 26 170994 39 171044 27 171667 38 171716 27 172340 38 172389 26 173013 37 173061 25 173686 37 173734 24 174358 37 174408 21 175031 37 175083 17 175704 37 175757 14 176377 36 176430 12 177052 14 177068 17 177102 11 177745 12 177774 10 178419 9 178446 9 179092 8 179117 10 179766 6 179788 11 180460 11 181131 12 181802 13 182474 12 183145 12 183817 12 184488 12 185160 11 185831 11 186502 11 187174 10 187845 10 188517 10 189189 9 189861 8 190534 6 191206 6 191879 4 197233 5 197903 9 198572 12 199241 15 199911 18 200581 20 201253 20 201924 21 202595 22 203267 22 203939 22 204611 22 205284 20 205956 20 206629 18 207301 17 207974 15 208646 15 209318 15 209990 15 210662 15 211334 15 212005 16 212676 17 213348 18 214019 19 214691 20 215362 22 216034 23 216706 23 217380 21 218052 21 218725 20 219397 20 220069 20 220741 20 221414 19 222086 19 222757 20 223429 20 224101 20 224773 20 225445 20 226117 20 226789 20 227462 18 228135 16 228808 14 229481 12 230153 12 230825 11 231497 11 232170 9 232842 8 233516 4
scene_546ee21dc0f65f48,no-plume
scene_54cf81ae3d3bffd0,no-plume
scene_5564c6f173558eec,no-plume
scene_562952035a462ad5,no-plume
scene_56a186d9137a2de8,226130 2 226799 6 227470 8 228142 9 228814 10 229485 12 230157 12 230829 13 231501 14 232173 15 232845 16 233517 16 234189 17 234861 18 235533 19 236205 20 236877 22 237549 23 238221 24 238894 24 239567 24 240240 24 240912 25 241585 24 242257 25 242929 26 243601 27 244274 27 244947 28 245620 28 246293 28 246965 29 247638 29 248310 30 248983 30 249656 29 250328 29 251001 28 251673 29 252345 30 253017 32 253689 34 254361 35 255033 36 255705 37 256377 38 257049 39 257722 38 258395 37 259068 36 259741 35 260413 34 261086 32 261759 30 262432 29 263105 28 263777 27 264450 26 265122 26 265794 25 266466 25 267138 25 267810 25 268481 26 269152 27 269823 29 270494 29 271165 28 271836 27 272506 28 273177 29 273842 3 273847 31 274513 36 275184 37 275855 38 276527 38 277199 38 277870 38 278542 38 279214 37 279885 37 280557 36 281229 36 281901 36 282573 36 283245 36 283917 36 284589 35 285260 36 285932 36 286604 36 287275 36 287947 36 288618 37 289290 37 289962 37 290634 36 291306 36 291978 35 292650 32 293322 31 293994 29 294666 29 295337 29 296009 29 296681 28 297353 28 298025 28 298696 29 299368 29 300039 30 300710 30 301382 30 302053 31 302725 31 303397 30 304069 29 304741 25 305413 23 306085 20 306758 16 307430 15 308102 14 308775 11 309448 9 310120 8 310793 7 311466 5 312139 1 440915 5 441585 14 442257 15 442928 18 443598 25 444270 27 444941 28 445613 29 446285 30 446957 31 447630 30 448302 30 448975 29 449648 28 450321 27 450993 27
scene_58bb6f4b0c227063,138069 3 138740 4 139411 6 140083 6 140754 7 141426 7 142098 8 142770 8 143442 8 144114 7 144787 6 145461 3 161590 2 162261 3 162933 3 163605 3 164278 2 164950 2 175021 11 175691 13 176364 13 177037 13 177711 12 178383 12 179057 11 179730 10 180403 10 181076 10 181749 10 182421 10 183093 11 183765 11 184437 11 185109 11 185781 12 186453 12 187125 12 187797 12 188469 13 189141 14 189814 13 190486 14 191159 14 191832 13 192504 13 193177 12 193849 12 194522 12 195194 12 195867 10 196540 9 197213 8 197885 8 198557 8 199229 8 199902 7 200574 7 201247 6 201920 6 202593 6 203265 7 203937 7 204609 8 205281 8 205953 9 206625 10 207297 11 207969 12 208640 13 209312 13 209983 14 210654 15 211326 16 211998 17 212670 18 213343 18 214015 18 214688 17 215361 17 216033 18 216706 18 217379 17 218052 17 218725 16 219398 15 220071 14 220744 13 221417 12 222089 12 222762 11 223436 9 224109 8 224782 7 225455 4
scene_591b258031dd1aff,no-plume
scene_5a39e133a06667c2,133366 2 134035 6 134706 9 135377 11 136048 12 136719 14 137382 1 137389 16 138049 28 138720 30 139391 31 140062 32 140733 34 141405 34 142076 36 142746 38 143416 40 144087 42 144758 43 144810 3 145430 44 145479 8 146101 45 146149 11 146773 59 147444 60 148115 61 148787 61 149458 62 150129 63 150800 64 151471 64 152143 63 152815 62 153487 62 154159 61 154831 61 155504 60 156177 59 156849 59 157522 58 158196 57 158870 57 159549 52 160224 50 160897 50 161569 50 162242 50 162915 49 163588 48 164262 46 164936 44 165609 43 166282 42 166955 41 167628 41 168301 40 168973 40 169645 40 170317 41 170989 41 171661 42 172332 44 173003 45 173675 46 174347 46 175019 46 175692 45 176364 46 177036 46 177708 48 178379 49 179051 50 179722 51 180394 52 181065 54 181737 55 182408 56 183079 58 183750 59 184422 59 185093 60 185764 61 186436 60 187108 60 187780 59 188453 57 189126 55 189808 43 190481 41 191153 40 191826 38 192498 37 193170 36 193842 36 194514 35 195186 35 195858 34 196531 32 197204 30 197877 29 198550 27 199224 25 199898 22 200571 21 201243 20 201914 20 202586 20 203258 19 203930 19 204602 19 205274 19 205946 19 206619 19 207292 19 207964 20 208637 20 209309 20 209981 20 210654 19 211326 19 211998 20 212671 21 213343 22 214016 21 214688 21 215361 20 216033 20 216705 20 217377 20 218050 19 218722 19 219395 18 220068 17 220741 16 221413 16 222086 15 222759 14 223432 13 224105 12 224777 12 225450 11 226123 9 226797 7 227469 6 228143 1 344422 3 345091 9 345762 10 346433 12 347091 26 347762 27 348433 28 349105 28 349777 28 350449 29 351121 29 351793 30 352465 33 353137 35 353809 36 354481 36 355153 36 355825 37 356498 37 357171 36 357848 32 358521 32 359194 31 359867 30 360552 17 361225 16 361898 15 362570 15 363243 14 363916 13 364588 13 365260 14 365932 14 366604 15 367275 16 367947 16 368619 16 369291 16 369964 14
scene_5a4dbc5d5d37b5e4,96389 3 97059 7 97711 1 97730 10 98382 5 98402 11 99053 7 99073 13 99724 9 99745 14 100396 11 100416 16 101067 13 101088 16 101657 3 101739 14 101759 18 102327 10 102346 6 102410 16 102428 23 102998 28 103082 43 103670 30 103753 47 104343 30 104424 50 104994 4 105017 29 105086 2 105094 54 105665 7 105689 31 105753 68 106336 9 106361 35 106424 70 107008 10 107032 44 107095 73 107679 12 107704 46 107765 76 108351 13 108375 48 108436 78 109023 14 109046 50 109107 81 109695 15 109717 52 109776 85 110367 17 110388 146 111039 168 111710 170 112382 171 113053 173 113711 7 113724 175 114382 11 114395 177 115053 191 115724 193 116395 195 117067 195 117739 196 118411 197 119083 198 119755 199 120427 200 121100 200 121772 201 122444 202 123117 202 123789 203 124461 203 125133 204 125805 205 126477 13 126492 191 127149 11 127164 192 127822 9 127836 193 128066 2 128495 7 128508 194 128718 4 128734 8 129169 4 129181 194 129389 8 129404 12 129853 196 130059 30 130525 200 130727 35 131196 238 131868 237 132539 238 133211 238 133883 238 134555 238 135227 238 135899 237 136572 236 137245 235 137917 235 138591 233 139269 227 139943 225 140616 224 141289 223 141962 222 142636 220 143310 218 143984 215 144660 211 145334 209 146008 91 146109 106 146681 89 146782 105 147354 86 147455 104 148027 82 148128 103 148700 80 148801 102 149372 78 149474 101 150045 75 150147 100 150718 72 150825 94 151391 69 151500 90 152063 68 152173 89 152736 15 152757 45 152845 89 153408 12 153431 42 153517 89 154081 8 154104 41 154189 89 154753 7 154778 38 154861 89 155427 1 155463 24 155533 90 156136 22 156204 91 156809 20 156876 91 157481 20 157548 92 158154 18 158219 93 158826 15 158891 93 159499 13 159562 94 159673 6 160173 5 160234 93 160344 9 160905 92 161016 9 161577 85 161687 11 162249 85 162359 12 162921 85 163031 14 163592 86 163704 14 164263 87 164377 14 164934 88 165049 15 165593 2 165605 88 165722 14 166263 6 166275 90 166396 12 166934 103 167070 10 167606 102 167723 5 167743 9 168278 102 168394 8 168417 5 168950 101 169065 10 169621 101 169737 11 170293 100 170408 13 170965 100 171079 14 171636 101 171751 15 172308 100 172422 16 172979 101 173094 16 173651 101 173765 17 174322 102 174436 18 174993 103 175107 19 175665 103 175778 20 176336 105 176449 19 177007 106 177119 17 177679 106 177788 18 178350 127 179021 128 179693 128 180365 127 181037 127 181709 126 182381 126 183053 125 183725 124 184397 124 185069 123 185741 122 186413 121 187085 121 187756 122 188428 121 189095 126 189764 129 190434 131 191104 133 191775 134 192446 135 193117 136 193788 137 194459 138 195131 138 195802 139 196474 138 197146 138 197818 137 198491 135 199163 134 199836 133 200509 131 201182 130 201855 128 202528 126 203200 125 203872 124 204544 123 205216 121 205887 120 206559 119 207231 119 207903 118 208577 116 209252 112 209926 110 210599 108 211273 106 211946 104 212628 94 213302 92 213976 90 214650 88 215327 82 216000 81 216673 80 217346 78 218018 76 218691 74 219364 72 220037 69 220710 64 221383 61 222056 59 222730 56 223404 54 224078 51 224751 50 225424 49 226098 47 226772 45 227444 46 228118 44 228791 10 228803 31 229477 30 230150 29 230823 27 231496 26 232169 25 232842 23 233516 6 233530 5 239503 5 240173 9 240844 11 241515 14 242186 18 242857 21 242883 16 243529 44 244200 48 244871 52 245542 55 246213 56 246885 56 247557 57 248229 57 248900 58 249572 58 250243 58 250914 59 251586 59 252258 59 252929 60 253601 60 254273 60 254945 60 255616 60 256288 60 256959 60 257630 60 258302 60 258973 60 259645 60 260317 60 260989 59 261661 59 262333 59 263005 59 263677 58 264349 58 265020 58 265691 59 266362 59 267033 60 267705 60 268376 61 269046 63 269717 64 270388 65 271059 65 271727 24 271769 26 272397 25 272442 24 273069 24 273116 21 273740 24 273790 19 274410 25 274468 12 275082 24 275141 10 275753 24 275814 7 276425 24 277097 24 277769 23 278441 23 279113 22 279785 21 280457 20 281129 20 281801 19 282473 18 283145 17 283817 16 284490 14 285163 12 285836 10 286509 8 287183 4
scene_5b35f3d46bfc18ee,no-plume
scene_5c62d6f9fa0ac54c,no-plume
scene_5c7ec71492f12961,113882 8 114553 11 115224 13 115895 15 116566 16 117237 18 117269 3 117909 19 117939 6 118579 22 118609 9 119250 23 119280 10 119921 42 120593 42 121264 44 121935 46 122606 48 123278 49 123949 51 124621 51 125293 51 125964 52 126635 53 127307 53 127978 54 128649 55 129320 56 129991 57 130662 57 131334 57 132005 57 132677 56 133348 57 134020 57 134692 57 135364 57 136037 55 136709 55 137382 54 138054 54 138727 52 139400 51 140073 49 140745 49 141418 48 142092 45 142765 44 143438 43 144110 43 144784 41 145457 39 146129 39 146801 38 147474 37 148146 37 148818 37 149490 36 150161 37 150822 6 150832 38 151491 51 152162 51 152834 51 153506 51 154178 51 154849 52 155521 52 156193 52 156865 52 157537 52 158209 52 158882 50 159555 49 160229 47 160904 44 161580 40 162254 38 162928 35 163601 34 164274 33 164947 31 165620 30 166292 30 166964 29 167636 30 168308 30 168981 28 169653 28 170325 27 170998 25 171671 23 172344 21 173017 19 173690 17 174364 14 175040 9 175713 8 176386 6 179165 3 179834 6 180505 8 181177 9 181848 11 182518 14 183183 21 183853 24 184525 24 185197 24 185868 25 186539 26 187211 26 187884 24 188556 23 189228 22 189901 20 190573 19 191245 9 191917 8 192589 7 193261 7 193933 7 194606 6 195278 6 195951 2 239766 9 240427 3 240436 13 241098 8 241107 15 241769 26 242440 28 243110 32 243782 33 244454 36 245125 40 245797 43 246468 45 247139 47 247811 48 248482 51 249154 52 249825 54 250497 55 251168 57 251839 59 252510 60 253182 60 253853 61 254525 61 255196 62 255866 64 256537 64 257209 64 257880 65 258550 66 259221 66 259893 65 260564 66 261235 67 261906 67 262578 67 263250 68 263921 69 264593 70 265265 71 265937 73 266609 74 267281 75 267953 76 268625 76 269297 77 269968 78 270640 79 271311 80 271982 81 272654 82 273325 83 273997 83 274669 83 275341 83 276013 83 276684 84 277356 84 278028 84 278700 85 279372 85 280044 85 280716 85 281387 86 282059 87 282730 88 283402 89 284073 91 284745 91 285417 92 286088 93 286760 94 287433 93 288105 93 288777 93 289450 92 290122 92 290795 91 291468 90 292140 90 292812 90 293484 91 294156 91 294828 92 295499 93 296171 94 296843 94 297514 96 298186 97 298858 98 299529 101 300201 102 300873 102 301544 104 302216 104 302888 104 303560 103 304232 102 304904 101 305576 100 306249 97 306921 97 307594 95 308266 94 308939 93 309613 90 310286 89 310959 87 311635 83 312311 78 312985 75 313659 73 314332 70 315005 67 315677 65 316350 63 317022 62 317695 60 318367 60 319040 59 319713 58 320385 59 321058 59 321731 58 322404 56 323078 54 323754 49 324428 46 325104 31 325784 20 326457 17 327130 14 327802 11 328474 7 329147 4
scene_5cd656797db5fb68,168318 2 168989 4 169659 7 170331 9 170348 4 171003 22 171675 24 172347 25 173020 25 173692 26 174365 26 175037 27 175709 29 176381 30 177054 32 177726 35 178398 37 179070 38 179743 37 180416 36 181088 37 181761 36 182434 35 183107 34 183780 33 184453 32 185127 30 185801 28 186475 26 187148 24 187821 23 188494 21 189166 20 189838 20 190511 18 191164 7 191183 18 191834 10 191856 17 192506 11 192528 17 193178 11 193201 16 193850 11 193873 17 194522 11 194546 16 195194 11 195218 16 195866 11 195892 16 196538 11 196565 17 197211 10 197238 18 197883 9 197911 18 198554 10 198585 16 199225 11 199259 15 199896 12 199932 15 200564 16 200605 14 201227 26 201277 13 201895 31 201949 13 202565 34 202621 12 203236 36 203293 12 203907 38 203965 12 204578 39 204637 12 205249 41 205309 12 205920 43 205981 13 206592 44 206653 13 207263 45 207325 14 207935 19 207960 21 207997 15 208607 18 208636 17 208669 15 209279 16 209312 14 209340 15 209951 14 209987 40 210624 11 210660 38 211297 8 211332 38 211971 4 212004 37 212676 37 213348 37 214020 37 214691 38 215362 39 216033 40 216705 40 217377 39 218049 37 218722 35 219394 35 220066 34 220739 31 221412 29 222084 29 222757 27 223429 19 224090 2 224101 17 224762 2 224773 16 225447 13 262654 1 263325 2 263995 4 264666 5 265336 7 266006 8 266677 9 267348 10 268019 11 268691 10 269363 10 270035 10 270707 10 271379 10 272050 11 272722 11 273394 11 274066 12 274738 12 275410 13 276082 14 276754 14 277426 15 278098 16 278770 17 279442 18 280114 19 280785 20 281457 21 282129 22 282801 26 283472 28 284144 29 284815 31 285487 32 286158 34 286831 34 287505 33 288185 26 288860 24 289532 25 290205 24 290878 24 291550 25 292223 25 292895 25 293568 25 294240 26 294912 26 295584 27 296256 28 296928 28 297600 29 298272 29 298944 29 299616 29 300288 29 300960 29 301632 29 302305 28 302977 28 303649 28 304321 28 304993 28 305665 28 306338 26 307010 26 307683 24 308356 23 309029 23 309702 22 310376 20 311049 20 311722 19 312396 17 313070 15 313744 12 314418 10 315094 4
scene_5ce90b7b2926872b,227466 3 228137 7 228806 11 229476 14 230148 15 230820 16 231493 15 232165 16 232837 16 233510 15 234182 15 234854 15 235527 14 236200 13 236872 13 237545 12 238217 12 238889 12 239561 12 240233 12 240905 12 241577 12 242249 12 242921 12 243593 12 244266 10 244939 8 245612 6 246285 3
scene_5d14428f7f4cd775,no-plume
scene_5dac9af4a729f458,209967 5 210637 8 211309 8 211980 10 212651 16 213322 18 213994 19 214666 20 215339 20 216012 20 216685 19 217357 20 218030 19 218702 19 219375 18 220048 18 220721 19 221394 18 222067 18 222740 17 223413 16 224085 16 224758 15 225431 13 226110 4
scene_5e7de81aa2d2198d,188658 6 188674 2 189328 10 189345 4 189999 15 190015 9 190671 28 191342 30 191990 4 192014 31 192661 8 192686 32 193332 12 193357 34 194002 19 194029 35 194673 24 194700 36 194745 7 195345 64 195416 10 196016 66 196087 13 196688 86 197359 89 198030 91 198700 94 199370 96 200039 100 200710 102 201381 103 202052 105 202724 105 203395 106 204066 108 204737 109 205408 111 206077 114 206748 115 207418 117 208089 118 208761 119 209433 119 210104 106 210212 12 210776 104 210887 9 211448 103 211561 7 212119 103 212790 104 213462 103 214133 104 214803 105 215472 106 216140 109 216810 111 216930 3 217482 113 217600 6 218153 126 218825 127 219497 127 220169 127 220841 126 221513 118 222185 118 222858 117 223530 117 224202 117 224875 21 224900 91 225547 20 225573 90 226219 20 226246 88 226892 19 226919 29 226956 50 227565 18 227592 22 227629 49 228238 17 228265 20 228301 48 228911 15 228938 18 228974 46 229584 14 229611 17 229647 44 230256 14 230284 15 230320 43 230929 14 230958 12 230999 34 231601 14 231630 12 231694 2 232274 13 232303 10 232328 4 232938 2 232948 12 232975 9 233000 5 233609 3 233622 10 233647 5 233673 4 234281 3 234296 9 234346 2 234952 4 234970 8 235019 1 235624 4 235643 7 236296 4 236317 4 236969 2 236989 3 237642 1 237662 2 313354 2 314025 4 314694 9 315364 12 316026 22 316696 25 317366 27 318037 28 318709 28 319381 28 320053 28 320725 28 321397 28 322069 28 322741 28 323413 28 324086 26 324758 25 325448 4
scene_5ea3986d0fa32200,no-plume
scene_5f750b85181c8582,96087 6 96758 8 97428 11 98099 14 98770 15 99441 16 100113 14 100784 14 101456 14 102127 14 102798 13 103470 12 104141 12 104812 12 105482 14 106153 14 106825 13 107496 14 108167 15 108838 15 109510 15 110181 16 110853 16 111524 17 112196 17 112867 18 113538 19 114209 20 114881 20 115552 22 116223 24 116895 25 117566 27 118238 28 118910 30 119581 32 120253 33 120925 34 121597 36 122269 36 122940 37 123612 37 124284 37 124956 37 125627 38 126299 38 126970 39 127642 39 128313 40 128985 40 129657 40 130328 41 130999 42 131671 42 132342 43 133013 44 133685 44 134356 45 135028 45 135698 47 136369 48 137040 49 137699 62 138369 64 139039 66 139710 67 140380 69 141051 70 141720 73 142390 75 143060 77 143730 79 144400 81 145070 83 145741 84 146412 85 147083 86 147754 87 148426 87 149097 88 149769 88 150441 88 151113 88 151785 88 152457 88 153129 88 153801 88 154473 88 155146 87 155818 87 156491 83 157163 83 157837 81 158510 79 159184 76 159857 75 160530 73 161204 69 161877 67 162551 62 163224 54 163898 48 164571 43 165244 39 165918 36 166591 34 167265 31 167938 29 168612 26 169286 23 169961 19 170644 7 226130 9 226801 11 227473 12 228144 14 228815 21 229486 24 230158 26 230831 26 231504 28 232177 28 232849 29 233523 28 234200 31 234873 31 235546 31 236219 30 236896 25 237569 24 238242 24 238915 24 239588 24 240261 23 240933 24 241605 24 242277 24 242949 24 243621 24 244293 23 244965 23 245637 23 246309 23 246981 23 247653 22 248325 22 248997 22 249669 23 250341 23 251013 23 251685 23 252357 24 253029 24 253701 24 254373 24 255045 24 255717 24 256389 23 257062 22 257735 20 258408 18 259081 16 259753 15 260426 13 261100 5
scene_629c8b4c70a27300,no-plume
scene_6355daef51e2c6d7,no-plume
scene_6449ecb43858681d,no-plume
scene_659a6d58300d7552,200587 2 201258 7 201929 15 202601 16 203272 17 203944 18 204615 19 205287 20 205959 20 206632 20 207304 20 207977 20 208649 20 209321 20 209994 19 210666 19 211338 19 212010 19 212683 18 213355 18 214027 18 214698 18 215370 18 216041 18 216713 17 217385 17 218057 16 218729 16 219401 16 220073 16 220745 16 221417 16 222089 16 222761 16 223433 16 224105 15 224777 15 225450 12 226124 8 226797 6 227469 5 228142 2
scene_65e0479c4dfc294d,195862 3 196533 6 197204 8 197876 9 198548 9 199220 11 199892 13 200564 14 201236 16 201908 20 202581 20 203253 20 203925 21 204597 22 205269 23 205941 24 206614 24 207286 25 207959 25 208632 25 209307 22 209980 21 210653 21 211326 20 211998 22 212672 23 213344 28 214017 27 214689 26 215362 25 216034 24 216707 23 217380 21 218053 20 218725 20 219398 19 220071 18 220744 17 221417 16 222089 16 222761 16 223433 16 224105 16 224777 16 225449 16 226121 16 226793 16 227465 16 228137 16 228809 16 229481 16 230153 16 230825 16 231497 16 232170 15 232842 14 233517 10
scene_65f45e8d248085ce,231514 2 232184 7 232855 9 233526 11 234198 15 234869 18 235541 19 236213 20 236885 20 237557 21 238229 22 238902 22 239574 22 240247 22 240920 22 241593 22 242267 21 242940 20 243613 20 244285 20 244958 19 245631 19 246304 18 246976 20 247649 22 248321 23 248994 22 249666 23 250340 21 251013 20 251685 20 252357 20 253029 20 253701 20 254374 19 255047 19 255721 20 256394 22 257066 23 257740 22 258416 19 259091 17 259764 16 260437 15 261109 16 261781 16 262454 15 263126 15 263798 15 264470 15 265142 15 265815 15 266488 15 267160 16 267833 16 268505 17 269177 21 269849 23 270521 23 271193 24 271865 24 272537 24 273209 24 273881 24 274553 25 275225 25 275897 26 276568 29 277239 31 277910 34 278582 35 279253 37 279925 37 280596 39 281268 40 281939 41 282611 42 283283 43 283955 43 284627 43 285299 43 285972 42 286644 42 287316 41 287988 41 288660 41 289332 40 290003 41 290674 42 291346 42 292017 43 292689 43 293361 43 294033 43 294705 43 295378 42 296050 42 296722 42 297395 41 298067 41 298740 40 299412 40 300085 39 300757 39 301429 39 302101 39 302773 38 303445 38 304116 38 304788 38 305460 38 306133 36 306805 36 307477 36 308150 35 308824 33 309497 32 310170 31 310842 31 311513 32 312185 32 312857 32 313529 32 314201 32 314872 34 315544 34 316216 34 316888 34 317560 34 318232 34 318904 34 319577 33 320250 31 320925 28 321598 27 322269 27 322941 26 323612 25 324284 24 324954 25 325625 23 326296 22 326968 21 327640 18 328312 15 328984 13 329656 12 330329 11 331002 10 331675 9 332348 8 333020 9 333692 10 334364 11 335035 13 335705 15 336371 21 337042 23 337713 23 338385 21 339057 19 339729 13 340401 12 341073 11 341746 8 342418 7 415081 10 415751 14 416422 16 417093 20 417116 11 417765 35 418437 36 419108 37 419780 37 420452 37 421124 37 421796 37 422468 37 423140 37 423812 36 424484 36 425156 35 425827 35 426498 36 427169 37 427840 39 428510 42 429181 44 429853 45 430525 47 431196 49 431868 49 432540 49 433211 50 433883 50 434087 5 434555 50 434759 6 435227 50 435431 7 435899 50 436104 7 436571 49 436776 8 437243 49 437449 7 437916 47 438122 6 438589 45 438795 5 439261 45 439469 3 439934 44 440608 42 441281 40 441953 40 442626 39 443299 37 443972 16 443994 13 444644 14 444668 9 445317 12 445342 5 445992 7 446872 4 447543 6 448215 5 448890 1
scene_67bc761ff6a8eacf,162273 10 162943 13 163615 13 164286 15 164314 3 164325 9 164958 15 164982 27 165630 15 165653 29 166302 16 166325 30 166974 17 166996 32 167646 17 167667 33 168318 16 168338 35 168991 15 169010 35 169663 14 169681 37 170335 13 170352 39 171008 11 171024 40 171681 10 171695 41 172354 4 172366 43 173037 44 173709 45 174382 44 175021 3 175054 44 175689 9 175725 45 176359 13 176397 44 177028 18 177069 43 177698 30 177741 42 178369 33 178413 41 179041 34 179084 41 179714 34 179755 41 180388 32 180425 43 181061 31 181096 43 181733 30 181767 44 182407 27 182440 43 183080 26 183112 43 183753 26 183784 43 184426 25 184455 44 185099 23 185127 44 185775 19 185798 45 186449 16 186469 45 187122 14 187141 45 187795 13 187813 44 188451 1 188470 9 188486 43 189120 9 189144 6 189157 43 189792 11 189817 4 189829 43 190464 13 190500 44 191136 15 191171 45 191808 16 191842 46 192481 16 192514 46 193153 17 193185 47 193826 17 193856 48 194498 18 194528 48 195171 17 195200 49 195844 16 195872 49 196517 16 196544 51 197189 16 197216 52 197862 15 197887 54 198534 15 198558 55 199207 14 199230 55 199880 13 199902 55 200553 12 200574 55 201225 11 201246 55 201898 10 201917 56 202570 9 202589 55 203243 9 203261 55 203916 10 203932 55 204589 10 204603 55 205262 67 205935 66 206607 66 207280 65 207952 65 208625 3 208634 55 209308 54 209981 54 210654 6 210664 44 211327 1 211337 43 212010 42 212684 41 213357 40 214029 40 214702 39 215374 39 216047 39 216720 38 217392 38 218064 20 218093 10 218736 15 218766 10 219408 14 219439 9 220080 12 220112 7 220751 11 220785 5 221423 10 221458 3 222095 10 222768 8 223442 3 442310 2 442981 6 443652 8 444323 10 444994 11 445665 13 446336 15 447008 16 447680 16 448353 14 449025 14 449698 12 450370 12 451042 12
scene_683c5645e576396c,no-plume
scene_6855f630ce76e7c2,no-plume
scene_6a48ac4ec73e99ae,220715 7 221385 11 222056 13 222727 13 223385 27 224056 28 224727 29 225397 32 226067 34 226738 35 227408 38 228075 44 228741 51 229411 53 230082 55 230752 57 231423 58 232094 59 232766 60 233437 62 234109 63 234781 64 235452 66 236124 67 236198 1 236794 72 236868 4 237466 78 238137 79 238808 80 239474 86 240144 88 240815 89 241487 89 242159 89 242831 88 243502 89 244174 88 244846 88 245518 87 246190 86 246862 85 247534 82 248206 80 248878 78 249550 75 250222 72 250893 72 251565 72 252238 71 252910 71 253583 69 254256 68 254931 1 254937 59 255612 55 256285 53 256958 51 257632 47 258304 31 258977 29 259649 28 260322 26 260994 24 261667 22 262339 21 263012 20 263684 19 264356 17 265028 17 265701 15 266373 15 267045 13 267717 12 268390 7
scene_6a58f90b631e5819,45031 2 45702 5 46373 7 47045 8 47716 9 48388 10 49060 10 49731 11 50403 11 51075 11 51747 11 52419 11 53091 10 53763 10 54436 9 55108 9 55780 9 56453 7 57125 7 57798 5 58470 4 59143 1 127238 2 127908 6 128580 8 129252 10 129924 14 130595 21 131267 22 131939 23 132610 25 133282 25 133954 25 134625 25 135296 26 135967 26 136637 28 137307 29 137978 30 138650 29 139322 30 139993 31 140665 31 141337 32 142010 31 142058 6 142682 32 142729 10 143354 33 143399 14 144026 33 144070 17 144698 34 144741 22 145371 34 145412 25 146043 35 146082 29 146715 69 147388 68 148060 68 148732 68 149404 68 150076 68 150748 68 151420 68 152092 68 152763 67 152831 1 153435 68 154106 69 154778 69 155451 67 156123 67 156796 66 157469 64 158142 64 158815 63 159489 61 160171 51 160847 48 161522 46 162195 45 162868 45 163539 46 164211 47 164883 47 165555 48 166226 50 166297 4 166898 51 166966 9 167570 52 167637 11 168241 54 168307 13 168913 56 168978 14 169585 60 169647 17 170257 79 170929 79 171601 79 172273 79 172945 79 173617 80 174288 81 174959 83 175630 84 176301 86 176973 87 177644 89 178316 90 178988 90 179661 87 180334 85 181006 84 181679 82 182355 77 183033 70 183707 67 184379 67 185051 67 185723 68 186395 73 187067 74 187740 74 188412 75 189084 76 189757 75 190429 75 191103 73 191776 72 192450 70 193124 67 193800 63 194473 61 195146 60 195818 61 196491 16 196509 46 197164 13 197184 45 197837 11 197856 47 198511 8 198528 48 199200 48 199871 50 200543 50 201214 51 201885 52 202557 52 203229 52 203900 53 204572 53 205244 53 205916 53 206589 52 207262 51 207935 50 208608 49 209281 48 209954 47 210627 46 211300 44 211972 44 212645 42 213317 41 213990 40 214663 39 215337 37 216010 37 216683 36 217356 36 218030 34 218704 33 219377 32 220050 31 220724 29 221397 28 222070 27 222744 25 223420 21 224093 20 224766 19 225439 18 226112 17 226785 16 227457 16 228130 13
scene_6a76088445c90f2a,no-plume
scene_6ae40e45b05ece7c,no-plume
scene_6c33d3921822dc83,no-plume
scene_6ce915fb442d763d,no-plume
scene_6d31ace82d919c34,no-plume
scene_6e3f01b438e2fbac,no-plume
scene_6f6304fa9003b4a8,156336 4 157006 8 157033 6 157677 11 157701 11 158347 15 158369 16 159017 40 159687 43 160358 45 161030 46 161702 47 162374 48 163046 49 163718 49 164390 49 165063 48 165735 47 166406 47 167078 46 167749 47 168420 46 169091 44 169761 43 170432 43 171103 43 171774 43 172446 43 173117 44 173789 43 174461 43 175133 43 175804 43 176477 42 177151 40 177824 39 178497 38 179169 39 179842 38 180514 39 181187 38 181859 38 182531 38 183203 38 183874 39 184546 39 185218 38 185890 38 186562 37 187234 36 187905 36 188576 37 189247 37 189918 38 190590 25 190616 10 191262 22 191934 20 192606 19 193278 14 193950 11 194622 10 195295 8 195968 6 196642 2 217354 6 218025 12 218696 18 219367 20 220037 22 220688 7 220707 24 221358 10 221378 25 222029 12 222049 25 222701 13 222720 26 223373 44 224045 44 224717 44 225388 45 226059 46 226730 47 227401 48 228073 47 228744 47 229416 46 230087 46 230759 43 231432 33 232104 31 232776 30 233448 29 234121 28 234793 28 235465 27 236136 27 236795 36 237466 36 238137 35 238808 35 239479 33 240150 33 240821 32 241492 31 242162 30 242832 31 243502 32 244173 33 244842 35 245513 36 246185 36 246856 37 247527 38 248198 24 248225 12 248870 23 248898 11 249542 22 249573 8 250214 21 250249 3 250886 19 251558 19 252230 17 252903 1 254270 1 254938 6 255607 9 256278 11 256950 10 257622 9 258294 7 258966 6 259639 4
scene_72db8118178189a4,226798 2 227469 4 228140 5 228810 8 229482 10 230153 11 230825 11 231497 12 232169 12 232841 12 233513 12 234185 12 234857 12 235529 13 236201 13 236873 15 237545 16 238217 16 238889 17 239561 18 240233 19 240906 19 241578 19 242252 17 242925 16 243597 17 244269 18 244942 18 245614 18 246287 18 246960 17 247633 16 248305 16 248977 16 249649 16 250321 16 250993 16 251665 16 252337 17 253009 17 253680 19 254352 20 255022 22 255694 22 256365 24 257037 24 257709 24 258380 25 259051 26 259722 27 260394 27 261066 28 261738 28 262411 27 263084 26 263757 24 264429 24 265102 23 265774 23 266447 22 267120 21 267793 21 268465 21 269137 23 269809 23 270480 25 271152 24 271824 24 272495 25 273167 25 273839 23 274511 21 275183 20 275855 19 276528 17 277200 16 277872 15 278544 15 279216 15 279888 15 280560 16 281232 16 281903 17 282574 18 283246 19 283917 20 284589 20 285261 20 285933 20 286605 20 287277 21 287949 22 288621 23 289293 23 289966 22 290638 23 291310 23 291983 22 292655 22 293328 21 294000 21 294672 21 295343 22 296015 22 296686 23 297358 23 298030 23 298702 23 299374 22 300046 22 300718 22 301390 21 302062 20 302734 20 303407 19 304080 17 304752 17 305425 17 306097 18 306769 19 307442 20 308114 22 308787 22 309460 22 310133 22 310805 22 311477 22 312149 22 312821 22 313493 22 314164 22 314835 22 315506 22 316177 23 316849 21 317519 22 318190 22 318861 23 319533 22 320204 23 320875 24 321546 24 322218 23 322889 22 323561 20 324233 19 324905 17 325577 17 326249 16 326921 15 327593 14 328266 12 328938 11 329610 10 330283 8 330955 6 331628 4
scene_735fb678a25b9737,no-plume
scene_738252bc024d1f83,85405 3 86076 6 86747 9 87419 21 88091 23 88763 25 89435 26 90107 26 90780 26 91452 28 92125 28 92797 29 93469 31 94141 34 94814 35 95486 36 96158 37 96830 38 97503 37 98176 37 98848 37 99521 36 100194 35 100866 35 101540 33 102213 32 102886 31 103559 29 104233 27 104907 25 105580 23 106252 23 106925 21 107580 7 107597 21 108250 10 108269 21 108922 11 108942 20 109594 12 109614 20 110266 12 110288 18 110938 13 110960 18 111610 13 111633 18 112282 13 112306 18 112954 12 112979 18 113627 11 113652 18 114299 11 114325 18 114970 11 114999 17 115642 11 115673 16 116313 12 116346 16 116984 13 117019 15 117652 18 117692 14 118313 29 118364 14 118982 33 119037 13 119652 36 119709 13 120323 38 120381 13 120994 40 121053 13 121665 42 121725 13 122336 44 122397 14 123008 44 123069 14 123679 46 123741 15 124351 47 124413 15 125023 47 125085 15 125695 49 125756 16 126367 19 126396 48 127039 18 127072 44 127711 16 127744 44 128384 14 128416 44 129057 11 129089 42 129730 9 129761 41 130405 3 130433 41 131104 41 131776 41 132447 42 133119 42 133791 42 134463 41 135136 40 135808 40 136480 38 137152 37 137824 37 138496 36 139168 35 139834 3 139840 30 140505 5 140512 27 141177 4 141187 23 141861 19 142535 15 143209 12 143882 10 144557 4 178394 6 179065 7 179736 8 180407 10 181077 12 181748 13 182418 15 183089 16 183760 17 184432 17 185104 16 185777 15 186449 15 187121 15 187793 15 188465 15 189137 14 189809 15 190481 15 191153 15 191825 16 192496 17 193168 18 193840 19 194512 20 195184 20 195855 22 196527 22 197198 23 197870 23 198540 26 199206 37 199874 42 200546 43 201218 44 201889 46 202561 48 203233 48 203906 48 204579 48 205251 49 205925 48 206599 46 207292 26 207965 26 208637 27 209310 26 209982 27 210655 26 211327 27 211999 28 212672 28 213344 29 214016 29 214687 30 215359 30 216031 30 216703 30 217375 31 218047 31 218719 31 219392 30 220064 30 220736 30 221409 29 222081 29 222753 29 223425 29 224097 29 224770 28 225443 27 226116 27 226789 26 227462 25 228135 25 228810 22 229483 21 230156 19 230830 16 231505 13 232178 11 232852 8 233526 5
scene_739cf34f6e289762,no-plume
scene_74420d7ec3f3b1aa,117563 6 118232 10 118902 13 119571 16 120241 18 120911 21 121581 23 122251 25 122923 25 123595 26 124267 26 124939 27 125611 28 126285 27 126958 28 127632 27 128306 26 128980 25 129652 26 130325 26 130997 27 131670 26 132343 26 133015 26 133688 25 134362 23 135035 7 135046 11 135708 4 135719 9 136391 9 137063 7 169390 9 170060 13 170731 14 171402 16 172073 19 172745 20 173417 21 174089 20 174761 2 174764 17 175433 1 175438 15 176105 1 176110 15 176770 4 176782 15 177440 7 177455 14 178110 9 178128 8 178137 4 178274 3 178782 9 178801 3 178806 2 178811 1 178944 7 179453 10 179614 11 180125 10 180285 15 180796 11 180957 16 181468 11 181628 18 182139 12 182299 20 182811 11 182971 21 183482 12 183642 23 184154 12 184314 24 184826 12 184985 25 185498 12 185657 26 186170 11 186329 27 186842 11 187001 27 187513 13 187673 28 188185 14 188345 28 188857 14 189017 29 189529 14 189689 29 190201 14 190361 30 190873 14 191033 31 191545 14 191705 32 192217 14 192377 33 192889 14 193049 33 193562 13 193721 33 194234 13 194393 34 194907 11 195065 35 195580 9 195737 35 196253 8 196409 36 196925 7 197081 37 197598 6 197753 38 198271 4 198426 38 199098 40 199770 43 200443 44 201115 45 201787 46 202460 45 203132 45 203804 44 204477 43 205149 43 205821 42 205902 2 206494 41 206571 7 207166 40 207242 9 207839 39 207913 11 208512 37 208585 11 209185 35 209257 11 209857 34 209929 11 210530 32 210602 10 211203 29 211274 9 211876 27 211947 7 212549 23 212621 3 213222 21 213896 18 214569 16 215243 13 215917 10 216590 9 217263 7 217937 4 218611 1 270406 5 271078 6 271749 7 272420 8 273091 10 273761 12 274430 15 275101 16 275772 18 276442 20 277114 21 277785 23 278457 23 279129 24 279800 25 280472 25 281143 26 281814 28 282484 30 283155 32 283826 34 284496 36 285166 38 285837 40 286509 40 287180 40 287852 40 288523 40 289194 40 289854 1 289866 36 290523 8 290537 29 291193 44 291865 43 292537 42 293209 17 293228 21 293881 16 293903 17 294553 16 294576 16 295227 13 295249 14 295900 12 295921 13 296572 11 296594 11 297245 10 297267 9 297917 9 297941 7 298590 7 298614 3 299263 5 299938 1
scene_74bb43f3f9503a83,179754 3 180426 6 181097 8 181769 9 182441 9 183112 10 183784 10 184456 10 185127 11 185799 11 186470 12 187142 12 187814 12 188486 12 189158 12 189830 13 190502 14 191174 15 191846 16 192518 17 193190 18 193862 18 194533 20 195205 20 195877 20 196549 20 197220 21 197892 21 198564 21 199236 21 199907 22 200578 23 201247 26 201918 27 202589 28 203261 28 203934 27 204608 25 205280 25 205953 24 206625 24 207298 23 207970 23 208643 22 209316 21 209988 21 210661 20 211333 20 212005 20 212677 20 213349 20 214021 20 214694 19 215368 17 216041 16 216713 16 217385 16 218057 16 218729 16 219401 16 220073 16 220745 16 221417 16 222089 16 222761 16 223433 16 224105 16 224777 16 225449 15 226121 14 226793 13 227465 13 228137 12 228809 12 229482 10 230154 9 230828 5
scene_75b62a8756c4cccf,192481 2 193150 6 193821 8 194491 12 195162 14 195834 16 195854 2 196507 32 197179 33 197851 34 198525 32 199198 31 199871 30 200544 29 201217 29 201889 31 202562 30 203234 31 203907 31 204580 32 205252 33 205925 33 206597 33 207269 35 207941 36 208613 36 209285 37 209957 39 210629 40 211301 40 211973 41 212645 42 213317 43 213990 42 214663 40 215336 38 216009 36 216681 36 217354 34 218031 14 218704 12 219377 10 220051 5 222765 3 223434 6 224104 9 224776 8 225449 7 226121 6 226794 3
scene_7606542526a62fd0,40042 6 40713 8 41366 2 41385 10 42037 5 42056 12 42708 8 42727 13 43295 2 43379 10 43398 15 43965 8 44050 12 44069 17 44637 14 44652 11 44722 13 44740 19 45310 26 45393 40 45958 6 45982 27 46064 44 46630 8 46655 28 46735 47 47301 10 47327 29 47405 51 47973 11 47998 32 48065 64 48644 13 48670 41 48735 67 49316 14 49341 46 49405 71 49987 16 50013 47 50076 73 50659 17 50683 49 50746 77 51331 19 51353 52 51417 79 52003 75 52086 83 52675 76 52756 86 53347 168 54006 2 54018 170 54676 9 54689 172 55347 187 56018 189 56689 191 57360 192 58032 193 58704 194 59376 194 60047 196 60720 195 61392 196 62065 196 62737 196 63409 197 64082 198 64754 199 65426 200 66098 201 66770 202 67442 203 68114 204 68787 203 69459 204 70132 204 70805 9 70816 193 71478 7 71488 194 72153 3 72160 194 72832 195 73504 196 74175 198 74389 3 74847 200 75058 7 75519 202 75727 12 76191 221 76863 222 77536 221 78208 221 78881 221 79553 222 80227 223 80905 219 81581 216 82254 216 82927 215 83600 214 84274 212 84948 210 85624 206 86300 202 86973 93 87076 98 87646 91 87749 97 88320 86 88422 95 88992 84 89095 94 89665 81 89768 93 90338 78 90442 90 91011 75 91118 86 91684 71 91793 83 92357 68 92466 81 93029 18 93051 45 93139 80 93702 14 93725 42 93812 79 94374 11 94398 40 94484 78 95047 8 95071 39 95157 77 95720 5 95745 36 95829 77 96430 23 96500 77 97103 21 97172 77 97776 19 97844 77 98449 17 98515 77 99121 16 99187 77 99794 14 99858 77 100466 11 100530 77 101201 78 101873 78 102545 78 103216 79 103888 80 104560 80 105231 81 105902 82 106574 82 107245 83 107916 84 108575 2 108586 86 109246 8 109255 89 109918 97 110589 98 111261 97 111378 2 111933 97 112049 6 112604 97 112720 7 113275 98 113391 9 113946 99 114062 10 114618 98 114734 10 115289 99 115405 10 115961 99 116076 10 116632 100 116747 10 117303 101 117418 10 117974 103 118089 10 118646 103 118759 11 119317 104 119429 13 119988 105 120099 14 120660 105 120770 15 121332 106 121441 16 122003 107 122112 17 122675 107 122784 16 123347 125 124018 125 124690 125 125362 124 126034 123 126706 122 127378 121 128050 121 128722 121 129393 121 130064 122 130732 126 131401 129 132070 132 132741 133 133412 134 134083 135 134754 137 135425 138 136097 137 136768 138 137440 138 138112 137 138784 137 139456 136 140128 136 140800 135 141473 134 142145 133 142818 132 143491 130 144164 129 144836 128 145508 127 146180 126 146851 126 147523 124 148195 123 148867 122 149539 121 150213 119 150887 116 151561 113 152235 111 152909 109 153582 107 154258 103 154935 98 155611 94 156289 88 156963 86 157637 84 158310 82 158983 80 159656 78 160329 76 161001 75 161674 71 162347 68 163020 66 163694 62 164368 59 165041 57 165715 54 166388 53 167062 51 167736 49 168409 49 169082 48 169755 48 170429 47 171102 8 171112 37 171787 34 172460 33 173133 32 173806 30 174479 27 175153 8 175164 11 175840 5 180470 2 181139 9 181810 11 182481 13 183152 17 183822 21 183850 5 183861 3 184494 45 185165 49 185837 53 186509 55 187180 57 187852 57 188522 59 189194 60 189865 61 190537 61 191209 60 191881 60 192552 61 193224 61 193896 61 194567 62 195239 62 195910 63 196582 62 197253 63 197925 63 198597 62 199269 61 199940 61 200612 61 201284 60 201956 59 202627 59 203299 59 203970 60 204642 59 205314 59 205985 60 206657 60 207329 60 208000 61 208672 61 209343 61 210013 63 210683 65 211354 65 212025 65 212694 25 212731 30 213365 25 213405 28 214036 25 214078 27 214707 25 214752 25 215378 24 215431 17 216049 24 216104 16 216720 25 216777 14 217391 25 217450 11 218062 25 218734 24 219405 24 220077 24 220749 24 221421 24 222093 23 222765 23 223438 20 224110 19 224782 19 225455 17 226128 15 226801 13 227474 11 228147 9
scene_778a0cb602337230,no-plume
scene_77aa1ef1f2232c0d,no-plume
scene_78608fab06d165c1,191174 1 191843 5 192515 5 193189 2 199902 7 200574 9 201246 10 201917 12 202589 14 203261 14 203933 15 204605 15 205277 15 205950 15 206622 15 207295 14 207968 13 208640 13 209313 13 209985 13 210657 15 211330 14 212003 13 212676 13 213349 12 214021 12 214694 11 215367 10 216040 9 216713 8 217385 8 218057 8 218729 9 219401 9 220073 11 220745 11 221405 4 221417 12 222077 4 222089 12 222749 4 222761 12 223421 4 223433 12 224093 4 224105 13 224765 4 224777 13 225450 13 226122 14 226795 14 227468 13 228141 11 228814 10 229487 8 230160 6 230834 2
scene_78cdd76620f54f98,161585 4 162254 9 162923 12 163594 14 164265 15 164936 16 165608 16 166280 17 166951 18 167623 18 168295 18 168967 19 169640 19 170312 20 170983 22 171643 6 171654 24 172313 39 172984 42 173655 44 174327 44 174998 46 175669 47 176341 48 177013 48 177684 49 178356 49 179027 50 179698 50 180368 52 181039 53 181710 54 182382 54 183054 54 183726 54 184398 54 185070 54 185742 55 186415 54 187087 55 187760 55 188433 56 189105 57 189778 58 190450 69 191122 70 191795 70 192467 70 193140 70 193813 70 194485 71 195158 70 195831 69 196504 68 197178 66 197850 66 198522 65 199194 64 199865 65 200537 64 201210 63 201882 63 202554 63 203226 62 203899 61 204572 60 205244 59 205916 59 206589 57 207261 57 207933 56 208606 54 209278 53 209952 45 210625 42 211297 41 211970 40 212644 37 213318 35 213990 35 214664 34 215339 1 215349 22 216023 22 216696 21 217368 23 218040 31 218712 34 219384 35 219426 2 220055 36 220098 2 220726 37 220770 2 221397 38 221443 1 222069 37 222741 36 223413 36 223491 7 224085 35 224161 11 224758 33 224832 13 225431 31 225493 5 225500 17 226109 23 226161 30 226783 20 226831 33 227464 10 227502 34 228138 7 228174 35 228814 1 228846 35 229518 35 230190 35 230862 35 231534 35 232206 35 232879 34 233551 34 234224 33 234896 33 235568 33 236240 33 236912 33 237584 33 238256 34 238927 36 239599 49 240271 51 240943 52 241616 52 242288 53 242961 52 243633 52 244305 52 244978 51 245651 50 246324 49 246996 48 247668 47 248340 46 249013 45 249685 45 250357 45 251030 44 251702 44 252375 44 253048 44 253720 45 254393 44 255065 45 255737 46 256409 47 257081 47 257753 47 258425 47 259098 46 259770 46 260443 45 261116 44 261789 42 262461 42 263134 41 263808 38 264482 36 265155 35 265828 34 266503 31 267176 30 267849 29 268522 29 269195 29 269868 28 270541 28 271214 27 271888 25 272561 24 273233 24 273905 24 274577 24 275249 24 275921 24 276593 23 277265 23 277937 23 278608 23 279280 22 279951 23 280621 25 281292 25 281963 27 282635 27 283307 5 283316 18 283978 5 283989 17 284650 4 284662 16 285322 3 285336 14 285994 3 286008 15 286666 3 286681 14 287338 2 287353 14 288010 2 288025 15 288682 2 288697 15 289369 15 290041 15 290713 16 291385 16 292057 16 292729 17 293401 19 294074 18 294746 19 295419 18 296092 18 296765 18 297437 18 298110 17 298783 16 299456 15 300129 14 300802 12 301475 10 302148 9 302821 7 303494 5
scene_7a0b0e00a47b3f6f,181070 1 181740 5 182411 8 183081 12 183752 15 184423 17 185094 20 185766 26 186437 29 187109 30 187158 2 187781 31 187828 4 188454 33 188497 8 189126 35 189167 10 189799 50 190475 45 191150 41 191824 38 192497 37 193170 35 193843 34 194516 33 195188 32 195861 30 196533 29 197205 28 197877 28 198550 27 199223 26 199896 25 200568 25 201241 24 201913 24 202586 23 203258 23 203932 21 204605 21 205278 20 205951 20 206624 20 207297 19 207969 20 208641 20 209313 20 209986 19 210658 19 211330 20 212003 20 212676 19 213348 20 214020 20 214691 21 215362 22 216034 21 216705 22 217376 22 218044 26 218714 27 219385 28 220057 28 220729 28 221401 28 222073 28 222746 27 223420 24 224093 23 224765 23 225440 17
scene_7ae08905b9a51109,no-plume
scene_7ae9bb65d7b1e8e5,no-plume
scene_7b3934dfd0c392a4,no-plume
scene_7b5edcd783f41c1a,191952 4 192622 8 193293 11 193963 13 194622 27 195293 29 195964 31 196634 33 197306 34 197978 34 198650 33 199322 32 199994 31 200667 30 201340 29 202013 28 202686 27 203359 26 204033 26 204707 25 205380 25 206053 24 206725 25 207397 25 208069 26 208742 26 209414 26 210000 7 210086 26 210670 10 210759 26 211342 11 211432 25 212013 13 212106 23 212685 14 212780 21 213357 15 213453 21 214029 16 214126 20 214701 17 214801 19 215373 18 215476 19 216045 19 216149 19 216717 20 216822 19 217389 20 217495 19 218061 20 218168 19 218733 21 218841 19 219405 21 219514 19 220077 21 220186 19 220749 20 220860 17 221421 20 221533 16 222093 20 222205 16 222765 19 222877 16 223437 17 223549 16 224109 16 224222 15 224781 16 224894 15 225453 15 225567 15 226125 13 226239 16 226798 11 226912 16 227470 11 227584 16 228143 9 228256 16 228671 4 228817 6 228928 17 229339 11 229490 4 229600 17 230010 13 230162 2 230272 17 230681 15 230944 17 231352 16 231616 17 232023 18 232288 17 232693 20 232960 16 233361 23 233633 15 234031 25 234306 12 234702 25 234979 10 235373 23 235652 9 236044 18 236326 5 236715 18 237386 19 238058 20 238729 23 239401 24 240073 25 240745 25 241417 25 242089 25 242762 24 243435 23 244107 24 244779 24 245452 24 246123 26 246794 29 247466 33 248137 35 248809 36 249481 36 250153 36 250824 38 251496 38 252168 39 252839 41 253511 42 254183 43 254855 43 255527 43 256199 44 256871 45 257544 46 258217 49 258889 51 259562 50 260236 49 260910 48 261583 48 262256 48 262930 46 263609 39 264283 37 264956 37 265629 36 266303 34 266976 33 267648 33 268321 32 268993 32 269665 31 270338 30 271011 29 271685 27 272358 27 273031 25 273718 8 283774 2 284444 5 285114 8 285784 12 286455 14 287126 16 287796 19 288467 21 289138 21 289810 21 290481 21 291152 21 291824 21 292495 22 293166 23 293837 24 294509 24 295181 24 295853 24 296524 25 297196 25 297868 25 298540 25 299212 26 299883 27 300555 26 301227 26 301899 26 302571 26 303244 25 303916 25 304588 25 305260 25 305933 24 306605 24 307277 24 307949 24 308621 24 309294 23 309966 22 310639 21 311312 20 311985 19 312657 19 313329 19 314001 19 314674 18 315346 18 316018 18 316692 16 317366 14 318039 13 318714 10 319393 3 320066 2 320738 2
scene_7bf2687181d6468b,46119 5 46790 8 47462 9 48134 11 48806 12 49477 14 50149 15 50821 16 51493 17 52165 18 52837 19 53509 19 54181 20 54853 21 55525 22 56197 22 56869 23 57541 24 58213 24 58886 23 59559 22 60232 21 60905 20 61577 20 62249 20 62921 20 63593 20 64265 20 64937 21 65609 21 66281 21 66953 22 67625 24 68297 26 68969 27 69642 26 70314 26 70986 26 71658 26 72331 22 73004 17 73677 15 74349 14 75022 11 75694 10 76368 7 77043 1 218665 3 219336 4 220007 5 220678 7 221349 8 222021 8 222692 9 223363 10 224034 11 224705 12 225377 12 226048 12 226718 14 227390 14 228062 12 228733 13 229405 12 230077 12 230748 13 231419 14 231498 3 232090 14 232167 9 232762 14 232838 10 233433 15 233510 10 234105 15 234182 10 234777 15 234853 12 235449 16 235525 12 236122 15 236197 11 236794 15 236869 11 237466 15 237541 11 238138 16 238214 9 238810 17 238887 6 239483 17 240155 18 240828 17 241500 17 242173 16 242845 16 243517 15 244190 14 244862 13 245535 11 246208 9 246882 6
scene_7cba242717dfbb5d,no-plume
scene_7d8bbd5d2cfa45da,104468 3 105137 8 105806 12 106477 14 107148 17 107818 22 108490 23 109161 25 109833 26 110504 28 111176 29 111848 29 112519 31 113191 32 113863 33 114534 34 115206 34 115878 34 116550 34 117221 35 117893 35 118565 35 119237 36 119909 35 120581 35 121253 35 121925 35 122597 35 123269 35 123941 35 124614 33 125286 32 125960 29 126634 26 127308 23 127981 21 128655 19 129329 16 130002 14 130675 13 131350 8 148142 7 148813 10 149484 12 150155 14 150823 19 151484 31 152155 33 152826 34 153498 34 154170 35 154842 35 155514 34 156187 33 156860 32 157533 31 158206 29 158879 28 159552 27 160225 26 160897 27 161569 27 162241 27 162913 28 163585 28 164257 28 164929 28 165601 29 166273 29 166945 32 167617 34 168290 33 168963 31 169637 28 170309 27 170982 25 171655 23 172329 21 173001 20 173674 19 174346 19 175020 18 175693 17 176365 18 177038 19 177711 22 178384 23 179057 22 179729 21 180401 20 181073 20 181745 20 182417 20 183089 20 183761 20 184433 20 185104 21 185775 22 186446 23 187118 23 187790 23 188463 22 189135 22 189808 21 190480 21 191153 21 191825 21 192497 22 193169 25 193841 27 194513 28 195185 28 195857 28 196529 29 197201 29 197874 29 198547 29 199220 28 199893 28 200566 27 201239 26 201912 25 202585 24 203257 24 203930 22 204604 20 205277 19 205949 19 206621 19 207294 18 207966 19 208638 19 209311 18 209984 17 210657 16 211329 16 212001 17 212673 18 213345 19 214018 19 214691 18 215364 17 216037 16 216709 16 217382 16 218056 16 218729 15 219401 16 220073 16 220745 16 221417 16 222089 15 222761 15 223433 14 224105 13 224777 12 225449 12 226121 12 226793 12 227466 10 228139 8
scene_7dd103dbb9173440,no-plume
scene_7e56b3d87a737ec8,no-plume
scene_7f265e3ccd3ed226,220738 2 221409 5 222080 7 222750 10 223414 19 224085 21 224757 22 225429 23 226101 24 226773 25 227445 25 228117 25 228793 21 229465 20 230137 20 230809 20 231478 23 232150 23 232822 23 233494 23 234166 23 234838 23 235510 22 236184 19 236861 7 237534 2
scene_7f774b72764bbc57,no-plume
scene_7fd71581b34855f4,no-plume
scene_80a2e2715c11f8e3,164941 8 165611 11 166281 15 166952 20 167623 23 168295 24 168965 28 169634 32 170305 34 170976 36 171647 37 172317 40 172989 40 173661 40 174333 40 175006 40 175679 40 176352 39 177024 40 177697 39 178369 40 179041 40 179713 40 180385 40 181057 40 181729 39 182401 39 183073 38 183745 37 184417 36 185090 35 185763 34 186436 33 187108 32 187781 30 188453 29 189125 28 189798 27 190471 26 191144 25 191817 24 192489 23 193161 23 193833 22 194505 21 195177 21 195849 20 196521 20 197193 20 197865 20 198538 18 199210 18 199882 17 200555 16 201226 18 201898 18 202570 19 203242 19 203914 20 204585 26 205257 27 205929 27 206602 25 207275 24 207948 22 208620 22 209294 19 209968 16 210641 14 211313 13 211986 10
scene_80b85f5d2f608125,180559 9 181229 13 181865 4 181900 15 182537 7 182570 18 183208 9 183232 28 183879 12 183896 37 184551 54 185223 56 185894 61 186566 63 187238 64 187908 67 188579 69 189247 74 189918 75 190589 76 191260 78 191931 79 192603 80 193275 78 193948 67 194621 65 195293 64 195965 64 196637 64 197310 63 197981 64 198641 4 198652 66 199310 90 199981 92 200653 92 201324 93 201995 93 202665 95 203336 90 204007 90 204677 92 205346 95 206016 97 206686 99 207356 101 208027 102 208698 103 209370 103 210042 11 210063 82 210714 10 210737 80 211386 9 211410 79 212059 6 212083 77 212732 5 212757 73 213405 3 213430 40 213479 20 214103 38 214154 14 214775 36 214828 8 215394 10 215447 34 215501 4 216063 14 216120 32 216734 16 216792 31 217405 17 217465 27 218074 21 218137 25 218745 23 218810 23 219417 23 219483 21 220088 24 220159 16 220758 25 220838 7 221429 26 221470 1 222101 26 222772 28 223442 30 224113 32 224785 32 225457 32 226129 33 226801 33 227473 33 228146 31 228819 29 229492 28 230165 26 230838 22 231511 19 232184 17 232857 15 233530 13
scene_810d989a3295628b,no-plume
scene_82580acd98011282,5654 3 6325 6 6996 8 7667 9 8326 4 8337 12 8996 26 9667 27 10338 29 11009 30 11681 31 12352 32 13023 33 13693 36 14364 37 15035 39 15706 40 15754 6 16378 42 16424 8 17049 56 17721 56 18392 56 19063 57 19734 58 20406 58 21078 57 21749 57 22421 57 23093 57 23766 55 24438 55 25111 54 25785 53 26462 48 27139 44 27812 45 28484 47 29157 47 29829 48 30502 47 31174 48 31847 47 32520 46 33193 45 33866 44 34540 42 35213 41 35886 40 36558 41 37231 40 37903 41 38576 40 39248 41 39920 41 40592 41 41264 42 41936 42 42608 43 43280 43 43952 44 44624 44 45295 46 45967 46 46639 47 47310 48 47981 50 48653 51 49324 53 49996 54 50667 56 51338 57 52009 59 52681 59 53352 60 54023 61 54695 61 55366 61 56039 59 56711 59 57383 58 58057 55 58734 49 59410 43 60083 41 60756 39 61428 38 62100 38 62772 37 63444 36 64116 36 64789 34 65461 33 66133 32 66806 31 67480 28 68153 27 68826 25 69498 24 70171 23 70843 22 71515 22 72187 22 72859 22 73531 22 74203 22 74876 21 75548 21 76220 21 76893 20 77565 21 78237 22 78910 22 79582 22 80255 22 80928 21 81600 21 82272 21 82945 21 83617 22 84289 23 84961 23 85634 21 86307 20 86980 19 87653 18 88325 18 88998 17 89670 18 90343 17 91016 16 91689 15 92361 16 93034 15 93706 14 94380 12 95053 11 95725 10 96398 6 214695 5 215363 10 216033 14 216694 3 216705 14 217365 8 217376 15 218036 27 218706 28 219378 29 220050 30 220721 33 221393 35 222065 35 222738 35 223410 37 224083 37 224756 37 225430 35 226107 30 226780 29 227453 28 228126 27 228812 13 229485 12 230157 12 230829 12 231501 12 232173 12 232845 12 233517 13 234189 13 234861 13 235533 14 236205 15 236877 15 237548 17 238220 17 238893 15 239576 3
scene_82b2b66f03243826,no-plume
scene_8340d9a0c60722b6,173074 6 173745 8 174417 10 175089 11 175762 10 176434 10 177107 9 177780 8 178452 8 179125 7 179798 5 180454 2 180470 3 181126 2 181798 3 182471 5 183143 8 183815 11 184487 12 185160 12 185832 12 186504 12 187177 11 187849 11 188521 11 189193 11 189865 11 190537 11 191210 9 191882 8 192533 3 192555 6 193205 4 193877 13 194548 16 195220 16 195891 18 196562 19 197234 19 197905 20 198577 20 199249 20 199921 20 200593 20 201265 19 201937 18 202609 17 203281 16 203953 16 204624 17 205296 17 205967 18 206638 18 207310 16 207981 16 208653 16 209325 16 209997 16 210669 16 211341 16 212013 16 212686 15 213358 15 214030 15 214702 15 215373 16 216045 16 216717 16 217388 17 218054 23 218722 27 219393 28 220065 28 220734 31 221397 40 222067 41 222738 41 223408 42 224079 42 224750 42 225422 25 225448 15 226094 24 226767 22 227439 22 228112 21 228786 19 229459 18 230133 16 230808 13 231481 12 232155 10 232828 9 233505 2
scene_839437316161be71,191258 1 191928 5 192599 7 193270 10 193942 11 193963 9 194613 33 195285 35 195956 37 196459 7 196628 38 197130 10 197157 3 197299 41 197801 12 197827 6 197971 42 198473 14 198498 7 198642 43 199144 17 199169 9 199314 44 199816 18 199841 10 199985 45 200487 21 200512 12 200657 46 201157 39 201328 48 201828 41 201997 51 202500 41 202666 55 203172 41 203338 56 203844 41 204009 58 204516 41 204681 61 204745 10 205189 40 205352 78 205861 40 205914 1 206024 80 206533 40 206585 3 206696 81 207205 40 207255 5 207368 83 207877 40 207927 5 208040 84 208549 40 208598 5 208712 85 209222 39 209270 4 209385 86 209894 39 209942 3 210057 87 210567 38 210614 2 210729 89 211240 37 211287 1 211402 89 211914 35 212075 89 212593 28 212748 89 213266 28 213421 89 213939 27 214093 90 214612 26 214766 90 215285 25 215438 91 215958 24 216111 90 216630 24 216731 6 216783 90 217303 23 217402 9 217417 8 217454 92 217977 21 218074 26 218125 93 218649 21 218746 29 218796 94 219322 21 219418 30 219464 99 219997 19 220090 30 220135 101 220672 16 220762 31 220807 103 221345 16 221435 31 221478 105 222018 15 222108 30 222150 107 222690 15 222783 26 222822 109 223363 15 223456 25 223494 110 224036 14 224129 24 224166 111 224708 14 224801 23 224839 111 225382 11 225474 21 225511 111 226056 8 226147 17 226184 111 226730 3 226821 10 226858 109 227532 108 228206 106 228881 103 229554 102 230227 102 230900 101 231572 101 232245 100 232917 100 233589 100 234262 99 234934 99 235607 98 236281 95 236954 94 237627 13 237647 72 238301 8 238321 69 238994 68 239667 67 240341 64 241014 63 241687 62 242361 59 243034 58 243708 55 244383 51 245058 2 245072 33 245745 30 246417 29 247089 28 247761 26 248433 25 249105 24 249778 22 250450 21 251122 20 251794 20 252467 18 253140 17 253814 14 254487 12 255161 8
scene_83a5ac7bbf7ef835,198587 1 199258 3 199930 4 200602 5 201274 5 201946 6 202618 7 203290 16 203963 17 204636 17 204657 7 205309 17 205328 9 205981 17 206000 11 206654 29 207326 29 207998 30 208671 29 209344 28 210017 27 210690 27 210721 13 211363 45 212037 7 212054 26 212728 24 213401 24 214073 24 214745 24 215416 24 216088 24 216759 25 217431 24 218103 23 218775 22 219446 23 220119 21 220791 21 221463 21 222135 21 222808 21 223480 21 224152 22 224824 23 225497 23 226169 24 226841 26 227514 25 228062 2 228186 25 228734 11 228859 24 229405 14 229532 23 230077 15 230204 27 230749 15 230877 27 231421 15 231549 28 232094 14 232221 28 232766 14 232893 28 233438 14 233566 27 234111 13 234239 26 234784 11 234912 25 235457 9 235585 24 236258 23 236932 21 237605 20 238277 20 238949 21 239622 21 240294 22 240966 23 241638 24 242310 26 242982 27 243653 28 244325 28 244996 29 245667 30 246339 30 247011 30 247682 31 248354 31 249027 30 249700 29 250375 26 251048 25 251722 23 252396 22 253072 20 253745 20 254417 20 255090 20 255762 21 256436 20 257108 21 257781 21 258453 22 259126 22 259799 22 260473 20 261147 18 261820 17 262493 16 263166 15 263840 13 264513 12 265185 12 265857 12 266530 11 267202 11 267875 9 268549 6
scene_8462042a0bc383e2,197242 2 197912 6 198583 8 199254 10 199925 11 200597 12 201268 13 201938 15 202609 16 203270 3 203280 18 203941 30 204603 41 205273 43 205945 44 206617 44 207289 44 207961 44 208633 44 209305 44 209977 44 210649 44 211321 43 211993 43 212666 41 213338 40 214010 39 214683 38 215355 37 216028 36 216700 35 217372 34 218044 33 218717 31 219389 31 220061 31 220733 31 221405 31 222078 30 222750 29 223422 28 224095 26 224768 24 225440 22 226113 18 226785 14 227458 12 228131 9 284731 1 285402 6 286074 14 286746 17 287417 29 287460 4 287483 1 288089 32 288129 8 288154 3 288165 8 288761 49 288825 5 288835 12 289433 49 289496 24 290104 50 290167 26 290776 49 290838 27 291448 49 291508 30 292120 48 292179 31 292791 49 292850 32 293463 48 293522 32 294135 48 294193 34 294807 47 294864 34 295479 47 295535 35 296151 47 296206 35 296823 46 296877 36 297495 47 297548 36 298168 87 298840 85 299512 84 300184 84 300856 83 301528 82 302200 82 302872 81 303544 80 304216 59 304281 15 304888 58 304954 13 305560 57 305627 11 306232 57 306300 9 306903 58 306973 7 307575 58 307646 6 308248 57 308319 4 308921 57 309595 55 310268 15 310288 35 310942 13 310960 35 311616 10 311633 34 312289 9 312305 34 312962 8 312977 34 313635 8 313648 34 314307 47 314979 46 315652 45 316324 44 316996 44 317668 43 318341 42 319013 39 319685 36 320358 34 321030 16 321048 15 321703 13 321721 13 322377 8 322395 10 323070 4 325045 4 325714 10 326385 12 327057 12 327728 14 328399 17 329070 19 329741 20 330412 22 331067 7 331076 30 331736 43 332407 44 333078 46 333749 47 334419 49 335090 50 335761 51 336431 53 337102 54 337773 54 338444 55 339114 56 339785 57 340457 56 341128 57 341798 58 342469 58 343140 58 343811 57 344482 52 345153 52 345825 51 346496 50 347166 45 347837 44 348508 44 349179 41 349850 36 350521 36 351193 36 351865 35 352537 34 353209 33 353881 32 354554 30 355226 30 355898 29 356570 28 357242 27 357914 26 358586 25 359258 24 359931 21 360604 17 361277 15 361949 14 362623 9
scene_848b0383996056ab,212711 13 213382 15 214053 16 214725 16 215397 16 216069 16 216740 17 217411 18 218082 19 218753 20 219424 20 220094 21 220751 35 221422 35 222093 36 222765 34 223437 30 224109 29 224781 28 225453 26 226125 25 226797 24 227470 22 228143 20
scene_855b5007967f9e56,no-plume
scene_85866f47ddb0b527,226126 5 226797 7 227469 8 228140 9 228811 10 229482 11 230153 12 230825 12 231497 12 232169 12 232841 12 233514 11 234186 12 234858 12 235531 11 236204 10 236877 10 237549 10 238221 9 238894 8 239568 5 240242 2 333887 8 334557 12 335229 13 335900 15 336572 28 337243 30 337915 31 338588 30 339260 31 339933 30 340605 30 341278 30 341951 29 342624 28 343297 27 343970 26 344645 24 345318 23 345991 22 346664 21 347337 20 348009 20 348682 20 349354 20 350028 18 350701 18 351373 19 352045 19 352717 19 353389 19 354062 19 354734 19 355407 18 356080 17 356753 16 357425 15 358097 15 358770 14 359442 14 360115 12 360787 11 361460 8 362134 5
scene_85c5cff1b35638f0,207407 1 208077 7 208748 9 209419 12 210090 15 210111 13 210761 48 211432 51 212103 55 212748 11 212773 59 213417 16 213444 61 214088 18 214114 64 214759 21 214784 66 215426 97 216097 98 216742 2 216768 100 217412 6 217426 2 217439 102 218082 23 218108 105 218752 134 219423 135 220086 145 220754 150 221425 151 222097 152 222768 153 223439 154 224110 155 224781 156 225453 156 226126 155 226798 60 226864 89 227470 59 227538 86 228144 54 228212 84 228848 18 228886 81 229521 16 229560 79 230194 14 230233 77 230869 9 230912 70 231584 70 232257 69 232929 68 233602 67 234275 66 234948 65 235621 63 236294 62 236967 59 237640 57 238313 55 238985 53 239658 48 240330 47 241003 45 241675 44 242348 42 243020 16 243041 19 243692 14 243714 17 244365 10 244387 13 245038 4 245061 7
scene_86b797b7b2920837,no-plume
scene_86f81f7a458614db,159014 3 159642 5 159664 5 159685 5 160314 6 160335 8 160356 7 160985 9 161006 11 161027 8 161656 13 161677 14 161697 10 162326 16 162348 18 162368 11 162997 53 163668 53 164339 53 165009 53 165681 51 166352 50 167024 50 167696 49 168367 50 169036 53 169706 54 170378 54 171049 54 171721 53 172393 52 173064 53 173736 52 174408 52 175080 51 175751 51 176423 51 177094 52 177765 53 178436 54 179106 56 179773 61 180439 68 181110 69 181781 70 182453 71 183125 71 183797 72 184469 72 185141 72 185813 72 186485 72 187157 71 187829 71 188501 70 189173 69 189845 69 190517 70 191189 71 191860 72 192532 73 193204 73 193876 73 194548 73 195220 73 195892 73 196565 72 197237 72 197909 72 198582 70 199255 68 199928 66 200601 64 201274 63 201947 61 202620 59 203293 58 203965 57 204637 56 205309 56 205981 56 206653 56 207325 56 207997 56 208670 55 209342 55 210016 52 210691 49 211365 47 212039 43 212712 41 213384 39 214056 38 214728 35 215400 33 216072 32 216744 31 217416 31 218087 32 218759 31 219431 31 220103 32 220775 32 221447 33 222120 32 222794 29 223475 19 224148 17 224821 16 225495 12
scene_8769385ab0d4874f,no-plume
scene_87dfcaa5b67048d5,76274 8 76945 11 77616 13 78287 15 78958 16 79629 18 80301 18 80973 18 81644 18 82302 2 82316 18 82973 4 82987 19 83644 7 83659 19 84315 10 84329 20 84987 11 85000 21 85659 34 85698 1 86331 35 86368 5 87003 43 87675 43 88347 42 89020 41 89694 38 90366 37 91035 38 91705 39 92376 40 93047 41 93719 42 94391 43 95063 43 95735 43 96406 45 97078 45 97750 46 98421 48 99092 50 99764 55 100435 66 101106 74 101777 75 102448 77 103119 80 103790 82 104461 85 105132 88 105803 91 106474 95 107145 98 107815 102 108486 104 109156 107 109827 111 110498 115 111169 33 111207 80 111840 33 111879 81 112512 32 112552 81 113183 32 113224 82 113854 32 113896 82 114526 32 114568 83 115197 33 115240 84 115868 34 115911 85 116539 35 116583 86 117211 36 117254 87 117884 36 117925 88 118568 26 118596 89 119241 116 119912 117 120583 117 121254 118 121925 118 122596 118 123267 119 123938 119 124610 118 124742 5 125281 119 125413 7 125953 120 126083 11 126624 122 126752 18 127296 150 127968 152 128639 153 129311 154 129982 155 130654 155 131325 156 131997 155 132668 156 133339 157 134011 31 134045 123 134683 28 134720 120 135354 28 135393 118 136026 28 136065 37 136108 75 136698 27 136737 35 136783 7 136796 58 137370 26 137409 34 137469 57 138042 24 138081 33 138143 55 138714 24 138752 32 138816 54 139386 24 139424 30 139489 52 140058 25 140095 15 140162 51 140731 25 140767 14 140835 50 141403 26 141439 14 141508 49 142075 27 142111 14 142181 48 142747 27 142784 13 142854 48 143419 28 143456 13 143527 47 144090 29 144128 13 144200 47 144762 29 144801 12 144871 49 145433 31 145473 12 145543 50 146105 31 146146 11 146214 51 146777 31 146818 11 146886 52 147449 32 147490 11 147558 52 148121 32 148162 10 148229 54 148794 32 148834 10 148901 55 149466 33 149507 8 149573 55 150139 33 150245 55 150811 34 150917 55 151484 34 151588 56 152156 34 152260 56 152828 34 152932 56 153500 34 153604 56 154173 33 154276 55 154845 33 154947 56 155518 31 155619 56 156191 30 156292 55 156865 28 156964 55 157538 27 157636 55 158211 26 158308 55 158884 25 158980 56 159557 24 159653 55 160229 24 160325 55 160902 23 160997 55 161576 22 161669 55 162251 19 162341 55 162925 17 163013 55 163598 16 163684 56 164253 7 164272 14 164354 58 164923 10 164945 13 165024 60 165594 11 165617 14 165694 62 166265 13 166290 14 166366 63 166936 14 166962 14 167037 64 167608 14 167634 15 167708 66 168279 15 168307 15 168380 65 168952 14 168979 15 169051 63 169624 14 169651 16 169723 59 170296 14 170323 17 170395 58 170969 13 170995 17 171066 57 171642 12 171667 17 171738 55 172315 9 172339 17 172410 54 172990 4 173011 18 173082 52 173682 19 173754 51 174354 19 174425 51 175026 19 175097 49 175699 18 175769 48 176371 18 176441 47 177053 9 177113 47 177728 8 177785 47 178402 8 178457 46 179074 10 179129 46 179746 10 179801 47 180419 10 180473 47 181091 11 181145 48 181763 12 181818 47 182436 11 182490 47 183109 11 183163 47 183782 11 183836 46 184455 11 184508 46 185129 11 185180 45 185803 11 185853 43 186476 11 186525 43 187149 11 187197 42 187821 12 187869 41 188494 11 188541 40 189166 12 189213 40 189838 12 189885 40 190510 12 190557 39 191182 11 191228 40 191855 10 191900 39 192527 10 192572 38 193198 9 193243 39 193868 6 193915 38 194538 7 194587 38 195208 10 195259 38 195878 14 195931 37 196549 17 196603 36 197220 18 197276 34 197892 19 197948 33 198564 20 198620 33 199236 21 199292 32 199908 21 199965 31 200580 21 200637 30 201252 22 201310 28 201924 22 201983 26 202596 22 202656 25 203267 23 203329 24 203939 23 204001 23 204611 23 204674 22 205283 23 205347 21 205954 25 206019 20 206626 25 206692 19 207298 26 207364 18 207970 26 208037 17 208642 27 208709 16 209314 28 209381 16 209985 31 210053 16 210657 31 210725 16 211329 32 211397 16 212000 33 212070 15 212672 33 212742 15 213344 33 213416 12 214017 5 214024 26 214088 12 214699 23 214762 7 215372 22 216045 22 216717 22 217389 22 218061 22 218733 22 219405 22 220077 21 220749 21 221420 21 222092 21 222763 21 223433 22 224104 22 224776 22 225449 20 226121 20 226794 19 227467 18 228141 15 228814 13 229488 10 230161 8 230834 6
scene_8801053ae5b67ae7,187798 6 188466 14 189137 16 189808 17 190480 19 191153 19 191825 20 192496 22 193168 23 193839 25 194510 27 195182 27 195853 29 196525 31 197197 31 197869 32 198541 32 199213 32 199885 32 200557 32 201230 31 201903 30 202575 30 203248 29 203920 28 204592 27 205265 25 205937 24 206608 24 207280 23 207951 23 208623 22 209294 24 209966 25 210638 26 211310 26 211983 26 212655 26 213328 25 214000 25 214672 25 215345 24 216017 24 216689 24 217361 24 218033 24 218705 24 219377 24 220049 24 220721 24 221393 24 222065 24 222737 24 223409 24 224081 24 224753 23 225425 22 226097 21 226769 20 227442 18 228115 16 228790 8 229464 5 230137 4
scene_8908b3b5953aece4,no-plume
scene_8940537adf480a44,no-plume
scene_89c2cd97ae26f5ea,220814 10 221484 15 222155 17 222826 18 223498 18 224169 20 224841 20 225512 22 226182 25 226854 26 227525 27 228197 27 228818 5 228869 27 229489 7 229540 29 230161 8 230211 29 230832 9 230883 28 231503 10 231554 28 232174 11 232226 27 232846 11 232897 28 233519 10 233569 27 234192 9 234241 27 234864 9 234912 27 235537 8 235584 26 236209 8 236256 24 236881 8 236928 21 237533 3 237553 7 237599 20 238204 5 238226 6 238272 18 238874 7 238899 3 238944 18 239542 11 239617 16 240211 15 240289 16 240882 17 240962 15 241553 19 241636 12 242223 22 242310 10 242894 23 242983 8 243565 25 243657 5 244237 26 244909 27 245581 28 246254 27 246927 26 247600 25 248273 24 248945 24 249618 21 250290 20 250963 18 251635 18 252306 19 252978 18 253650 18 254321 19 254993 18 255665 17 256337 17 257009 17 257681 17 258353 17 259025 18 259697 18 260370 17 261042 18 261715 17 262388 16 263060 16 263733 15 264405 15 265077 15 265750 13 266423 11 267096 10 267769 8 268442 6 269118 1
scene_89d9e24d118a16ad,618 15 644 12 1290 15 1316 12 1962 16 1987 13 2634 16 2659 14 3306 17 3330 16 3978 19 4002 17 4650 19 4673 18 5322 20 5344 20 5995 42 6668 42 7340 43 8013 42 8686 42 9358 42 10031 42 10704 41 11377 40 12049 40 12722 39 13394 39 14066 39 14738 39 15411 38 16083 38 16755 38 17427 38 18100 37 18772 37 19444 37 20116 37 20788 37 21460 36 22133 35 22805 35 23477 34 24149 33 24821 32 25493 31 26165 31 26837 30 27509 29 28181 28 28853 28 29525 28 30197 28 30869 27 31541 28 32213 28 32886 27 33558 28 34230 29 34901 30 35573 31 36245 31 36917 32 37589 32 38260 34 38932 35 39604 36 40276 36 40948 37 41621 37 42293 38 42965 39 43637 39 44310 39 44982 40 45654 41 46326 43 46999 42 47671 42 48344 41 49016 41 49689 40 50361 40 51034 39 51706 39 52379 38 53052 37 53726 35 54399 34 55072 33 55745 32 56418 31 57091 30 57763 30 58436 29 59108 29 59780 29 60453 28 61125 28 61797 28 62469 28 63141 28 63812 29 64484 29 65156 29 65828 29 66500 29 67172 29 67844 29 68516 29 69188 29 69860 29 70532 29 71205 28 71877 28 72550 27 73223 26 73897 24 74570 23 75244 21 75918 19 76592 17 77266 13 77941 8 78615 5 79290 1 228827 4 229498 6 230169 8 230841 8 231513 8 232185 8 232857 8 233528 9 234199 10 234870 11 235542 10 236214 10 236886 8 237558 7 238230 7 238902 6 239575 4 240247 1 242266 1 242937 3 243609 3 244281 4 244953 6 245625 7 246297 8 246970 7 247643 6 248316 5 248989 3 249662 2 259084 4 259755 5 260427 5 261099 5 261771 5 262445 3
scene_8a37d583a08cc425,no-plume
scene_8a3d3086440e4741,no-plume
scene_8aa7d039416d3a81,no-plume
scene_8ab840fc6e1ed4ac,no-plume
scene_8c824438faace130,223442 5 224113 7 224785 8 225457 9 226129 14 226801 15 227473 16 228145 17 228817 28 229489 32 230161 33 230832 36 231504 40 232176 41 232847 42 233519 43 234190 62 234862 63 235534 63 236206 63 236878 63 237549 64 238221 64 238894 62 239566 60 240238 59 240910 58 241585 54 242268 41 242941 39 243613 38 244287 33 244960 21 245633 18 246305 17 246978 14 247652 10 248325 8 248997 7 249670 6 250343 4
scene_8cbae4fc33fc7d72,no-plume
scene_8d15bae9a9a6d0c9,207282 2 207952 6 208623 8 209294 10 209965 12 210636 15 211307 17 211980 17 212652 24 213324 25 213996 26 214669 26 215342 30 216015 31 216688 31 217361 31 218034 30 218707 30 219380 29 220053 28 220725 28 221398 27 222071 26 222744 25 223417 24 224089 24 224762 23 225435 21 226108 19 226781 17 227454 15 228128 12
scene_8e43318738064f5a,no-plume
scene_8ef792240b3680df,no-plume
scene_8f90e21dd1f410a3,no-plume
scene_907f516e7f90b5d9,132939 11 133610 14 134282 17 134953 21 135624 24 136296 25 136969 24 137641 24 138313 24 138985 24 139657 24 140330 23 141002 23 141674 22 142345 23 143017 23 143688 23 144359 24 145030 25 145701 26 146372 26 147043 27 147715 28 148388 27 149060 27 149733 26 150405 26 151077 27 151750 26 152422 26 153094 26 153767 25 154439 25 155111 25 155783 25 156456 24 157128 24 157801 22 158473 11 159146 7 189258 2 189928 5 190599 8 191270 16 191942 19 192613 21 193284 22 193935 4 193954 24 194603 10 194625 25 195275 11 195296 26 195946 13 195967 27 196618 15 196637 28 197290 47 197962 47 198634 47 199305 48 199977 48 200649 47 201320 48 201991 48 202662 48 203333 48 204005 46 204677 37 205349 35 206021 33 206693 32 207365 31 208037 30 208709 29 209381 28 210043 2 210053 27 210714 6 210725 26 211385 8 211396 26 212056 35 212726 35 213397 35 214069 34 214740 31 215409 29 216078 31 216750 31 217420 33 218090 35 218761 35 219432 36 220103 37 220774 38 221445 39 222117 39 222789 24 222817 11 223461 21 223492 8 224133 20 224166 6 224805 20 224839 5 225477 19 226149 4 226822 1 228854 9 229524 12 230196 12 230867 12 231538 11 232210 11 232882 10 233557 5
scene_90890a4213b5a764,89039 1 89710 4 90382 3 126683 8 127354 12 128025 15 128697 17 129369 18 130041 19 130713 18 131386 16 132058 16 132731 14 133404 12 134077 10 134750 7 135425 3 136098 1 136769 2 137439 4 138110 5 138781 6 139453 7 140124 8 140796 9 141468 9 142140 9 142812 9 143485 8 144157 7 144828 8 145499 7 146167 9 146836 12 147507 12 148178 13 148850 13 149522 13 150193 13 150865 13 151537 13 152209 12 152881 12 153553 11 154225 10 154896 10 155563 14 156228 20 156894 26 157564 28 158232 32 158902 34 159574 35 160245 36 160917 36 161589 36 162261 37 162933 37 163605 37 164277 37 164948 38 165620 38 166291 39 166963 38 167634 39 168305 40 168977 40 169647 41 170318 42 170989 42 171661 41 172331 43 173002 43 173674 43 174346 43 175017 44 175689 44 176361 45 177033 46 177705 47 178377 48 179049 48 179722 48 180394 8 180405 39 181066 5 181080 37 181753 36 182427 35 183101 34 183774 34 184446 35 185119 34 185792 33 186465 32 187137 32 187809 32 188481 32 189153 32 189825 32 190497 31 191169 30 191840 30 192512 29 193184 29 193855 30 194526 31 195199 30 195871 30 196544 30 197216 31 197889 31 198561 31 199233 32 199905 32 200577 32 201248 33 201920 33 202591 33 203263 33 203934 32 204606 31 205277 32 205949 31 206621 31 207293 32 207965 32 208638 31 209310 31 209986 27 210661 24 211335 22 212008 21 212681 20 213353 21 214025 21 214698 20 215370 20 216042 21 216714 21 217386 20 218058 20 218730 20 219402 20 220074 20 220747 19 221419 19 222092 18 222764 18 223437 16 224109 16 224782 15 225455 13
scene_91a6342bb53e319e,239530 14 240199 18 240870 19 241541 20 242150 2 242210 23 242819 8 242879 26 243490 11 243550 27 244162 14 244221 28 244833 20 244892 29 245505 26 245563 30 246177 28 246234 30 246849 31 246905 30 247520 86 248192 85 248863 85 249535 85 250206 84 250877 84 251549 84 252221 84 252892 85 253564 85 254235 86 254908 84 255580 82 256252 81 256924 81 257597 80 258270 79 258942 79 259615 77 260288 75 260961 73 261633 72 262306 70 262979 67 263652 60 264325 57 264997 55 265670 52 266343 50 267016 49 267688 48 268360 48 269032 48 269704 47 270377 46 271049 47 271721 47 272394 46 273066 47 273739 46 274412 45 275085 45 275758 44 276431 43 277104 41 277776 41 278449 40 279121 39 279794 37 280467 35 281140 34 281813 33 282508 10 283182 8 283855 7 284527 7 285200 6 285873 5 286546 4
scene_91f34763b29af677,72393 5 73060 12 73729 17 74399 20 75070 23 75740 26 75780 9 76410 30 76447 18 77082 57 77753 59 78424 60 79095 62 79766 64 80438 64 81110 64 81782 64 82454 64 83126 64 83798 63 84470 63 85141 64 85813 64 86485 64 87157 64 87828 64 88500 64 89172 64 89844 64 90516 63 91189 61 91861 60 92534 59 93206 58 93879 57 94553 54 95226 52 95899 50 96574 47 97252 40 97927 37 98601 34 99275 31 99948 29 100621 27 101293 27 101966 25 102639 23 103311 22 103984 20 104656 19 105328 18 106001 16 106673 15 107344 16 108016 15 108688 14 109360 14 110032 13 110703 14 111375 13 112046 14 112718 14 113390 13 113440 12 114062 13 114110 20 114734 12 114781 23 115406 11 115452 25 116078 10 116123 28 116751 9 116794 33 117423 8 117465 36 118097 4 118135 39 118806 41 119476 44 120146 46 120817 47 121487 50 122158 51 122829 52 123500 53 124171 55 124842 56 125513 57 126183 60 126852 64 127519 69 128190 71 128862 72 129533 74 130205 75 130877 77 131549 77 132221 78 132893 79 133565 79 134237 78 134909 78 135581 77 136253 77 136926 76 137598 76 138270 75 138942 75 139614 75 140287 74 140844 5 140959 74 141514 10 141631 74 142185 12 142303 74 142856 15 142975 74 143527 19 143648 73 144198 23 144319 74 144870 35 144991 73 145541 38 145663 73 146179 6 146211 42 146335 71 146849 11 146882 44 147006 71 147519 15 147553 47 147678 70 148190 21 148222 53 148350 68 148860 90 149021 68 149531 93 149693 68 150201 96 150364 67 150861 109 151036 66 151527 117 151662 5 151707 66 152196 120 152333 7 152378 65 152866 123 153003 9 153050 64 153536 127 153674 10 153722 63 153826 5 154206 131 154343 13 154393 62 154497 7 154877 151 155065 38 155114 12 155168 9 155548 152 155736 36 155790 6 155840 10 156219 152 156408 34 156512 11 156890 153 157079 33 157184 12 157561 154 157750 33 157856 13 158233 154 158420 34 158528 14 158904 155 159085 41 159199 16 159575 156 159753 44 159871 17 160247 156 160423 46 160543 18 160918 157 161094 46 161215 18 161589 158 161765 47 161887 19 162261 157 162436 48 162559 20 162932 158 163108 47 163230 21 163603 159 163779 48 163902 22 164275 159 164450 49 164573 23 164946 159 165122 28 165153 18 165244 24 165618 159 165793 29 165825 18 165915 26 165975 4 166290 159 166465 29 166498 17 166586 27 166646 6 166962 159 167137 51 167256 30 167318 6 167633 159 167808 52 167927 33 167990 6 168305 159 168480 52 168598 37 168661 7 168977 159 169151 53 169270 39 169333 7 169648 160 169823 52 169941 41 170005 7 170320 159 170494 53 170612 43 170677 7 170991 160 171166 52 171284 44 171350 6 171662 160 171839 47 171957 43 172022 5 172312 3 172319 1 172334 159 172511 40 172629 43 172695 4 172981 16 173005 159 173183 38 173301 44 173652 20 173675 159 173855 36 173974 43 174323 180 174529 28 174650 39 174995 178 175202 15 175325 35 175666 177 175875 10 175999 33 176338 175 176550 4 176673 31 177009 174 177347 28 177678 7 177687 166 178021 25 178345 6 178359 83 178443 36 178492 31 178694 23 179016 7 179031 117 179168 26 179367 21 179686 9 179703 12 179719 97 179844 20 180040 15 180358 10 180391 83 180521 12 180713 12 181029 11 181063 80 181197 5 181386 10 181701 15 181735 78 182058 9 182372 16 182409 75 182732 6 183044 16 183082 71 183406 2 183715 18 183755 23 183779 44 184386 22 184429 10 184440 53 185058 26 185107 4 185112 51 185729 27 185781 2 185792 42 186401 27 186454 1 186456 48 187073 29 187128 48 187744 30 187800 47 188415 31 188472 46 189086 34 189144 46 189758 35 189817 44 190430 35 190489 44 191101 36 191164 40 191773 36 191835 41 192445 36 192506 41 193117 36 193178 41 193789 36 193850 21 193879 12 194461 36 194523 18 194554 8 195133 36 195195 16 195226 9 195805 36 195869 11 195898 10 196477 35 196542 7 196569 12 197149 35 197215 2 197241 13 197821 34 197912 15 198493 33 198583 17 199165 33 199254 18 199838 31 199925 20 200510 31 200596 21 201182 31 201266 24 201854 30 201935 27 202526 30 202604 31 203197 31 203275 32 203367 6 203869 30 203945 34 204032 17 204541 29 204615 37 204696 27 205213 29 205286 38 205362 35 205885 29 205958 38 206034 35 206557 28 206630 39 206706 35 207229 28 207301 40 207377 38 207901 28 207939 8 207973 40 208049 41 208573 27 208609 11 208645 40 208721 41 209245 27 209280 13 209317 40 209393 41 209916 27 209950 17 209989 41 210065 43 210587 27 210621 19 210661 41 210737 43 211258 28 211292 20 211333 42 211408 44 211930 28 211964 20 212005 43 212080 46 212601 29 212635 21 212676 44 212751 51 213272 29 213306 23 213348 45 213422 52 213943 30 213977 24 214020 45 214093 53 214613 32 214649 24 214692 46 214763 57 215284 33 215321 24 215364 47 215432 60 215954 35 215992 25 216036 48 216101 63 216626 35 216664 25 216708 49 216771 67 217297 36 217336 25 217380 49 217441 69 217968 35 218007 26 218051 51 218110 72 218639 35 218677 28 218723 55 218779 76 219310 36 219349 28 219395 134 219982 35 220021 28 220067 135 220653 36 220693 28 220739 135 221325 35 221365 28 221410 138 221996 36 222037 27 222082 138 222668 34 222708 28 222754 139 223338 36 223380 26 223426 139 224009 36 224052 25 224098 139 224681 36 224724 24 224770 140 225352 36 225395 21 225442 139 226022 36 226067 18 226114 55 226177 76 226693 36 226738 18 226787 52 226853 72 227365 36 227410 17 227459 51 227528 68 228036 36 228082 15 228132 50 228204 60 228706 37 228754 14 228805 48 228882 47 229378 36 229426 13 229477 48 229557 40 230049 36 230098 13 230150 46 230231 36 230721 35 230770 12 230823 45 230906 27 231392 34 231441 12 231497 42 232064 32 232113 11 232175 35 232735 33 232785 11 232851 30 233406 32 233458 9 233527 25 234078 31 234130 7 234204 19 234749 31 234802 7 234879 15 235421 30 235475 5 235553 12 236093 29 236228 6 236765 28 237437 27 238109 26 238782 23 239454 21 240127 18 240800 17 241474 13
scene_9216c8b95cdd280c,93310 2 93981 5 94652 7 95322 10 95994 11 96665 12 97322 8 97335 15 97993 30 98664 31 99336 29 100009 28 100681 27 101353 26 102026 24 102698 23 103371 22 104046 19 104721 17 105394 17 106067 17 106739 19 107412 20 108084 21 108756 22 109429 22 110101 22 110686 5 110773 22 111357 8 111446 22 112028 9 112118 22 112699 11 112792 20 113370 14 113466 19 114042 14 114140 17 114713 16 114813 17 115385 17 115487 16 116057 18 116161 16 116729 19 116835 16 117401 20 117508 16 118073 20 118181 16 118745 21 118854 16 119417 23 119526 17 120089 23 120199 17 120761 23 120872 16 121433 23 121545 15 122105 24 122217 16 122777 23 122889 16 123449 22 123562 15 124121 21 124235 14 124793 20 124907 14 125466 18 125580 13 126138 17 126252 14 126810 16 126925 13 127482 15 127597 14 128155 13 128269 15 128828 12 128941 15 129351 12 129501 9 129613 15 130022 14 130173 8 130285 16 130693 16 130846 7 130957 16 131364 18 131519 4 131629 16 132035 20 132301 16 132706 22 132973 16 133376 24 133646 14 134046 26 134318 14 134715 29 134991 13 135386 30 135664 11 136057 31 136337 9 136728 32 137013 2 137399 33 138070 34 138742 34 139413 34 140085 34 140756 33 141428 31 142100 30 142772 30 143444 30 144116 30 144789 29 145462 28 146134 29 146807 31 146841 2 147478 38 148150 38 148821 39 149493 39 150165 39 150837 39 151508 40 152180 40 152852 41 153523 42 154195 43 154867 44 155539 45 156210 46 156882 47 157555 47 158227 48 158900 49 159572 51 160245 51 160918 51 161592 51 162265 51 162938 50 163611 49 164288 45 164962 43 165635 42 166312 37 166987 34 167660 33 168332 33 169005 32 169677 32 170349 32 171022 31 171695 31 172368 30 173041 29 173714 28 174387 27 175077 9 175751 6 183785 4 184456 6 185127 8 185798 10 186469 12 187140 14 187811 17 188481 20 189152 22 189823 23 190494 23 191166 23 191837 24 192509 23 193180 24 193850 25 194522 24 195193 25 195865 26 196537 26 197209 26 197881 27 198552 28 199224 28 199896 28 200568 28 201239 28 201911 28 202583 27 203256 26 203928 25 204600 25 205272 25 205945 24 206617 24 207289 24 207961 24 208633 24 209306 23 209978 23 210650 23 211323 22 211996 21 212669 20 213341 20 214013 20 214685 20 215358 19 216030 19 216702 19 217375 18 218048 17 218721 16 219394 16 220067 16 220748 8 221421 7 222093 8 222765 8 223437 7 224109 7 224782 6 225454 5
scene_92592871ca1a89a6,no-plume
scene_92cf8de4cd43d976,171746 1 172417 3 173088 4 173759 6 174430 8 175101 10 175772 12 176443 14 177103 1 177114 16 177768 36 178436 42 179107 45 179778 47 180449 50 181120 52 181791 54 182462 54 183133 55 183804 56 184476 56 185150 41 185824 37 186497 35 187169 33 187842 30 188515 26 189188 24 189860 24 190531 21 191202 20 191873 20 192530 2 192545 20 193199 6 193216 21 193870 38 194541 39 195213 38 195884 38 196555 37 197226 36 197897 37 198569 36 199241 35 199913 34 200585 33 201257 32 201929 32 202601 32 203273 31 203945 30 204617 29 205289 28 205961 28 206633 28 207305 28 207977 28 208649 28 209321 27 209994 26 210665 1 210669 23 211338 3 211343 20 212011 4 212017 17 212684 5 212691 14 213357 6 213365 11 214029 8 214039 8 214702 10 214714 4 215374 12 215388 1 216047 13 216720 12 217394 9
scene_93028e08cafcbdd0,no-plume
scene_9336881512c9ed47,175725 3 176397 3 182425 4 183095 8 183114 5 183766 11 183784 9 184437 12 184455 10 185109 13 185124 14 185781 34 186453 35 187125 36 187797 36 188469 36 189141 36 189813 36 190486 35 191158 36 191831 35 192504 34 193177 32 193851 30 194524 28 195197 27 195870 23 196543 15 197216 13 197889 12 198561 12 199233 12 199905 12 200577 11 201249 11 201921 11 202593 10 203266 8 203939 6 204076 9 204744 16 205414 19 206086 19 206757 21 207429 22 208101 23 208772 24 209443 25 210113 27 210783 29 211453 31 212124 32 212796 31 213467 31 214138 31 214810 31 215366 3 215482 30 216035 13 216153 31 216706 16 216825 30 217377 18 217496 30 218047 21 218168 29 218718 22 218839 30 219389 23 219511 30 220061 24 220183 29 220733 24 220855 27 221405 24 221528 26 222077 24 222200 25 222749 24 222873 24 223421 25 223545 24 224093 26 224218 23 224765 27 224891 22 225438 26 225564 21 226111 25 226237 20 226784 25 226909 20 227456 25 227582 19 228129 24 228255 18 228801 24 228929 15 229473 24 229602 14 230146 23 230274 13 230819 21 230949 7 231492 20 232165 18 232838 16 233511 15 234184 13 234857 12 235530 10 236203 8 236876 6 237549 4 238222 2
scene_93779a67744cfbfb,188515 4 189186 6 189857 8 190528 9 191198 11 191869 13 192541 14 193212 16 193883 17 194554 18 195225 20 195896 21 196566 23 197237 24 197908 25 198579 26 199250 27 199921 28 200593 28 201265 27 201937 27 202608 28 203281 26 203953 26 204626 24 205299 23 205971 23 206644 22 207316 22 207989 22 208661 22 209334 22 210007 21 210680 21 211353 20 212025 20 212698 20 213372 19 214044 20 214718 18 215392 16 216065 15 216738 14 217412 13 218085 12 218758 11 219431 9 220106 5
scene_94412927b268e60e,no-plume
scene_9490931b6de055a2,70406 4 71077 7 71748 10 72419 12 73090 21 73761 23 74433 24 75104 25 75775 26 76446 27 77117 28 77789 28 78461 28 79133 28 79804 29 80476 29 81149 28 81821 28 82493 28 83165 28 83837 28 84509 28 85181 28 85853 28 86525 27 87197 27 87869 27 88541 27 89213 27 89885 26 90557 26 91230 24 91902 24 92575 22 93248 21 93921 20 94594 18 95268 16 95941 15 96615 12 97289 9 97962 7 98635 5 99310 1 228145 4 228815 9 229486 11 230157 12 230829 12 231501 12 232173 13 232845 13 233517 15 234189 18 234861 19 235533 20 236205 20 236878 19 237550 19 238222 20 238896 19 239569 19 240242 18 240914 18 241588 16 242261 15 242933 14 243605 13 244277 13 244949 12 245621 12 246293 12 246964 13 247635 14 248306 14 248977 16 249649 16 250321 16 250993 16 251665 16 252337 16 253009 16 253681 16 254353 16 255025 16 255696 17 256368 18 257040 19 257711 20 258382 22 259053 24 259725 24 260397 24 261069 24 261741 24 262413 25 263084 27 263756 28 264427 30 265098 31 265770 31 266442 11 266460 13 267114 10 267134 11 267786 8 267807 10 268458 7 268482 7 269131 2 269157 4 269831 1
scene_96d1faa6ecc64683,193209 9 193879 14 194550 17 195222 18 195894 18 196566 18 197238 19 197909 20 198582 20 199254 22 199926 23 200597 24 201269 25 201941 27 202613 28 203284 29 203956 30 204627 31 205298 33 205970 34 206641 34 207313 33 207985 33 208657 32 209329 32 210001 32 210673 32 211345 33 212016 34 212683 41 213354 43 214025 44 214697 45 214750 2 215369 59 216041 60 216713 61 217385 62 218057 63 218729 64 219401 64 220074 64 220747 63 221420 37 221460 23 222092 36 222133 23 222765 33 222805 25 223437 29 223477 29 224109 28 224149 31 224781 28 224821 31 225454 26 225493 31 226129 22 226165 32 226802 20 226837 32 227475 19 227509 32 228150 15 228181 31 228828 8 228853 31 229501 5 229525 30 230174 2 230197 21 230220 6 230869 19 231541 17 232213 16 232885 15 233559 12 234233 8 234906 6
scene_97a6851194610d8a,no-plume
scene_98d76637f7235ca2,59433 6 60101 11 60772 12 61443 14 62115 14 62786 16 63459 15 64132 14 64805 13 65478 11 66151 9 91750 10 92420 13 93091 14 93762 16 94434 19 95105 22 95777 23 96449 24 97121 26 97161 7 97793 28 97830 11 98465 29 98501 13 99137 30 99172 15 99809 51 100481 52 101153 52 101825 52 102496 53 103168 53 103839 54 104510 54 105180 56 105851 56 106522 56 107193 57 107864 57 108534 59 109206 59 109877 59 110548 60 111220 60 111892 59 112564 57 113236 56 113909 53 114581 52 115254 50 115927 46 116600 44 117274 41 117949 36 118624 31 119298 28 119971 26 120646 23 121321 19 121995 16 122668 13 123342 10 136517 6 137187 11 137858 16 138530 20 139202 22 139874 23 140547 23 141219 24 141892 24 142564 4 142570 18 143238 2 143244 17 143916 17 144588 18 145234 2 145256 2 145260 19 145904 7 145928 24 146575 10 146600 25 147247 12 147268 2 147271 27 147918 15 147940 32 148590 17 148612 33 149262 18 149284 34 149933 21 149956 34 150605 23 150630 33 151277 25 151303 32 151949 26 151977 30 152620 29 152651 28 153292 31 153325 26 153964 32 153998 24 154636 34 154672 22 155308 36 155346 19 155980 38 156020 17 156651 41 156694 13 156708 1 157324 41 157367 11 157996 43 158041 9 158668 45 158714 8 159340 46 159388 6 160012 48 160062 3 160685 49 160736 1 161357 50 162029 52 162702 53 163374 54 164047 55 164105 1 164720 56 165392 58 165456 8 166065 58 166130 7 166738 59 166803 7 167411 59 167477 6 168084 60 168149 6 168756 62 168821 7 169429 62 169493 8 170102 63 170167 6 170775 64 170841 4 171449 64 171514 3 172123 63 172188 1 172798 62 173474 59 174151 56 174825 56 174884 1 175498 56 175557 4 176171 57 176230 5 176845 57 176903 4 177518 57 177577 3 178192 57 178251 1 178865 58 179540 56 180220 48 180896 44 181243 24 181570 41 181915 25 182262 20 182587 25 182939 14 183259 25 183615 9 183931 26 184291 1 184604 25 185277 24 185950 23 186622 23 187295 21 187968 20 188641 18 189314 16 189986 14 190659 10 191333 7 192006 4
scene_98f1251d51dcba37,no-plume
scene_9a783e8eb1455962,199222 2 199894 3 200565 5 201237 6 201909 9 202581 11 203252 12 203923 14 204594 17 205265 19 205937 20 206609 21 207281 26 207953 28 208625 28 209297 29 209969 31 210641 32 211313 32 211985 33 212657 34 213329 35 214002 35 214675 34 215348 33 216021 32 216694 31 217366 31 218040 29 218713 28 219385 28 220057 28 220729 28 221401 28 222074 27 222746 26 223418 7 223430 13 224090 3 224104 10 224777 8 225451 4
scene_9ad999c314c5fd15,141935 5 142606 7 143277 9 143948 11 144619 13 145290 14 145962 15 146633 17 147304 19 147975 22 148640 30 148681 3 149311 33 149351 6 149982 36 150020 10 150653 50 151324 51 151995 53 152665 55 153335 7 153345 48 154006 59 154678 60 155350 60 156022 62 156693 64 157366 8 157377 54 158038 8 158049 58 158711 7 158721 63 159384 4 159395 63 160067 64 160740 64 161412 65 162084 67 162756 68 163427 71 164099 73 164771 75 165442 79 166114 83 166786 86 167458 88 168130 89 168802 90 169475 90 170147 91 170819 91 171492 92 172164 93 172837 94 173509 95 174181 102 174853 104 175526 11 175540 89 176198 10 176214 5 176225 77 176870 9 176899 75 177543 8 177573 73 178215 7 178246 72 178888 5 178919 72 179595 69 180270 67 180944 66 181617 65 182290 66 182963 68 183036 8 183636 82 184309 82 184982 84 185659 91 186334 90 187008 89 187681 88 188355 87 189028 86 189701 85 190373 86 191045 87 191717 88 192389 89 193061 95 193733 101 194405 103 195078 103 195750 103 196423 103 197095 104 197768 104 198442 103 199125 93 199800 91 200474 90 201147 90 201820 91 202492 92 203165 92 203837 94 204509 98 205181 99 205853 100 206525 100 207198 99 207870 99 208543 98 209224 89 209899 86 210573 84 211245 85 211918 3 211924 78 212600 76 213273 75 213946 75 214618 75 215291 75 215972 66 216645 66 217318 66 217993 63 218667 62 219341 60 220024 50 220710 38 221384 38 222057 37 222731 36 223410 30 224084 29 224757 28 225431 26 226104 25 226777 24 227450 22 228124 19 228803 8 229478 2
scene_9aee1be7be86f84a,168294 2 168943 5 168962 9 169614 9 169632 13 170286 11 170302 17 170957 12 170973 19 171629 35 172301 36 172973 37 173645 37 174317 37 174988 39 175660 39 176331 40 177002 42 177673 43 178344 44 179015 45 179686 46 180357 48 181029 48 181701 48 182373 49 183045 49 183717 50 184390 50 185063 49 185738 47 186411 47 187084 47 187760 44 188445 31 189119 30 189792 29 190465 29 191139 28 191812 28 192485 28 193158 27 193833 24 194506 23 195179 22 195852 21 196524 21 197196 21 197868 21 198540 21 199212 21 199884 21 200556 21 201228 21 201900 21 202572 21 203244 22 203917 22 204589 26 205261 27 205933 28 206605 29 207277 32 207949 35 208621 36 209294 37 209966 38 210639 38 211312 37 211985 36 212657 36 213330 35 214002 35 214676 33 215350 31 216024 29 216696 29 217369 28 218042 27 218716 25 219389 24 220062 23 220735 22 221408 21 222081 20 222754 19 223428 17 224101 15 224774 14 225447 11 434107 1 434778 3 435449 5 436121 6 436792 9 437465 8 438138 4 438810 2
scene_9bc919378bbb4adf,no-plume
scene_9c7af19c0460ae61,105101 4 105771 7 106442 8 107113 9 107783 10 108451 13 109122 12 109794 10 110466 8 111138 7 111810 6 112483 5 113158 1 115174 3 115846 8 116517 17 117189 29 117861 29 118533 30 119205 30 119878 30 120551 37 121224 37 121897 38 122571 36 123245 34 123919 31 124591 31 125264 30 125936 29 126608 29 127280 29 127952 29 128623 30 129295 30 129966 31 130639 30 131312 30 131985 29 132658 29 133331 28 134003 28 134650 4 134675 29 135318 11 135347 29 135989 13 136019 29 136660 16 136691 29 137331 18 137362 30 138002 21 138033 31 138673 23 138705 31 139345 25 139376 31 140017 61 140690 59 141362 58 142035 46 142084 7 142708 44 143381 43 144053 44 144725 47 145398 47 146070 48 146743 47 147416 47 148089 46 148761 47 149433 47 150105 47 150778 46 151450 28 151480 16 152121 28 152153 14 152793 27 152828 11 153463 27 153503 7 154134 27 154178 2 154805 27 155476 27 156145 29 156815 30 157487 30 158158 31 158830 31 159502 31 160174 31 160846 32 161518 32 162190 32 162863 32 163536 32 164208 32 164881 32 165554 31 166228 30 166903 27 167576 27 168249 26 168342 2 168921 26 169014 2 169593 25 169686 3 170265 25 170357 6 170937 24 171030 6 171609 24 171703 5 172281 24 172377 6 172953 24 173050 7 173625 24 173723 8 174297 24 174396 7 174969 24 175070 6 175641 24 175743 6 176314 23 176986 23 177660 21 178333 20 179006 19 179679 18 180352 16 181025 15 181697 14 182369 13 183041 12 183713 12 184385 12 185057 12 185729 12 186401 12 187073 12 187745 12 188417 12 189089 12 189762 10 190435 8
scene_9cd0d7e5efcdd991,no-plume
scene_9efa53644adcc40d,no-plume
scene_9f97b65088326587,194501 3 194509 6 195171 7 195179 10 195845 19 196521 17 197193 20 197865 22 198537 24 199209 26 199881 27 200552 29 201224 30 201895 33 202567 34 203238 36 203909 38 204580 40 205251 42 205922 43 206593 45 207265 45 207937 46 208609 47 209281 47 209953 48 210625 48 211297 49 211970 48 212642 48 213314 48 213987 10 214003 31 214660 12 214675 31 215333 11 215350 28 216005 15 216022 29 216677 47 217349 50 218022 51 218694 51 219366 52 220038 53 220711 52 221384 52 222056 52 222729 51 223402 50 224076 49 224750 47 225424 45 226098 43 226772 41 227444 41 228117 41 228789 45 229461 45 229508 1 230133 45 230180 1 230806 48 231479 47 232152 47 232825 46 233498 44 234172 14 234187 27 234845 13 234859 27 235518 39 236191 38 236869 31 237543 27 238216 25 238889 22 239562 7
scene_9f9a7cbc88661807,210039 1 210710 2 211380 5 212051 6 212722 7 213393 9 214064 10 214711 2 214733 14 215382 12 215400 20 216053 40 216725 40 217396 41 218066 43 218737 44 219409 44 220081 43 220753 43 221424 43 222096 43 222767 43 223438 44 224110 43 224782 43 225454 42 226126 32 226799 29 227472 28 228145 23 228818 14 229490 13 230164 10 230838 6
scene_a00f2416507d86e8,209950 2 210618 11 211289 13 211959 18 212625 35 213295 39 213966 42 214638 43 215309 52 215981 55 216653 56 217324 58 217994 65 218665 67 219337 68 220009 68 220680 69 221352 70 222023 71 222694 73 223366 74 224038 75 224709 76 225380 77 226050 79 226719 82 227390 83 228061 84 228730 87 229400 89 230063 1 230071 90 230734 99 231405 100 232075 101 232746 102 233406 5 233416 103 234077 113 234749 73 234824 16 234845 17 235421 72 235498 12 235519 14 236094 71 236172 6 236193 12 236769 68 236872 4 237448 60 238122 5 238133 47 238794 3 238809 44 239493 4 239512 13 240185 12 240858 11 241531 10 242205 7 242878 6
scene_a1d55b2afb9b930b,no-plume
scene_a384ec24151f9259,269149 3 269817 8 270487 11 271156 16 271824 22 272494 27 273165 29 273836 31 274506 34 275177 35 275849 36 276520 37 277191 38 277862 39 278534 39 279206 39 279877 41 280549 42 281221 43 281893 44 282565 46 283237 47 283909 48 284581 49 285253 50 285925 51 286598 51 287271 50 287945 48 288618 47 289290 47 289964 45 290638 42 291311 41 291984 39 292657 37 293329 36 294002 34 294674 33 295347 31 296020 29 296692 29 297364 28 298035 29 298706 28 299376 28 300047 27 300719 24 301390 23 302062 20 302734 16 303407 13 304080 11 304753 8 305426 7
scene_a3eada34d19a6721,no-plume
scene_a4ee56e38bc99d4a,no-plume
scene_a53fbceb3fb8a74a,197241 9 197911 12 198583 13 199255 13 199282 2 199294 6 199926 14 199950 26 200598 15 200621 28 201270 15 201293 29 201943 15 201964 31 202615 15 202635 33 203287 15 203306 34 203959 15 203978 35 204632 13 204649 36 205304 12 205320 38 205977 10 205992 39 206650 8 206663 41 207334 42 208005 44 208677 44 209350 43 210022 43 210658 8 210693 44 211328 11 211365 44 211998 15 212037 43 212667 29 212709 41 213337 33 213381 40 214009 34 214052 40 214682 34 214723 41 215356 32 215394 41 216029 31 216064 43 216702 29 216736 43 217375 27 217408 43 218049 25 218080 43 218722 25 218752 43 219394 25 219423 44 220069 21 220095 43 220744 18 220766 44 221417 16 221437 45 222090 14 222109 44 222764 12 222781 44 223438 9 223454 43 224089 7 224112 6 224125 43 224760 9 224786 3 224797 43 225433 10 225468 44 226105 13 226139 45 226777 15 226810 46 227449 15 227482 46 228122 15 228153 47 228795 15 228825 47 229467 16 229496 48 230140 16 230168 49 230813 15 230840 49 231485 15 231512 51 232157 16 232184 52 232830 15 232855 54 233503 14 233527 54 234176 13 234198 55 234849 12 234870 55 235521 12 235542 55 236194 10 236214 55 236867 9 236886 55 237540 7 237557 56 238212 8 238229 55 238885 8 238901 55 239558 7 239572 54 240233 5 240243 55 240906 4 240912 57 241578 3 241585 56 242251 1 242257 56 242930 55 243603 55 244276 54 244949 54 245622 6 245632 44 246305 43 246978 43 247652 41 248324 41 248997 40 249669 40 250342 40 251014 40 251687 39 252359 40 253031 22 253060 12 253703 19 253733 11 254375 16 254406 10 255047 14 255079 9 255719 12 255753 6 256390 12 256426 4 257063 10 257098 2 257736 8 258409 5 259082 2
scene_a61710af261d7792,176983 4 177652 9 178294 15 178322 12 178963 21 178993 14 179634 46 180306 46 180978 47 181650 47 182322 47 182994 47 183666 48 184339 47 185011 47 185683 47 186355 46 187027 46 187698 47 188370 47 188426 2 189042 47 189095 8 189714 47 189766 11 190386 47 190438 12 191058 47 191109 15 191730 47 191781 17 192402 48 192452 19 193074 70 193745 72 194417 73 195089 73 195761 74 196433 74 197105 75 197777 75 198449 75 199121 74 199793 74 200465 74 201137 73 201809 72 202481 72 203153 72 203825 72 204497 72 205169 72 205842 71 206515 70 207188 69 207860 70 208533 69 209205 70 209878 71 210551 71 210633 6 211224 72 211303 9 211896 89 212569 90 213241 91 213913 92 214585 92 215256 94 215927 95 216598 96 217269 97 217939 99 218610 100 219281 101 219953 101 220624 102 221296 102 221968 102 222093 3 222640 103 222762 7 223312 111 223432 9 223984 130 224657 129 225333 125 226010 120 226683 119 227355 119 228027 118 228698 119 229370 119 230042 119 230713 120 231385 120 232056 121 232728 121 233400 120 234071 121 234743 121 235415 120 236088 118 236761 116 237434 115 238107 114 238782 110 239456 90 240130 7 240144 71 240804 4 240817 69 241491 65 242184 34 242857 32 243530 30 244205 8 244217 12 244893 5
scene_a79fe70853044770,no-plume
scene_a7f8b0c84f9e4a50,193186 1 193857 3 194528 4 202602 5 203273 7 203945 7 204617 7 205289 8 205961 7 206634 6 213350 3 214022 5 214694 6 215365 7 216037 8 216710 7 217382 7 218034 11 218056 5 218703 16 218729 4 219375 17 219401 3 220046 18 220718 18 221390 18 222062 18 222736 16 223409 15 224082 14 224755 13 225430 11 226108 6 226782 9 227454 13 227468 4 228126 19 228797 20 229469 20 230141 20 230813 20 231485 20 232157 20 232830 19 233503 17 234177 13 234850 11 235523 9 236197 6
scene_a81e89b89f35aaa9,no-plume
scene_a8b61fd15b6bc26a,no-plume
scene_a9bffa60c0d02d61,194539 1 195209 7 195880 10 196551 18 196587 12 197223 21 197258 14 197895 22 197929 16 198566 24 198600 18 199238 26 199271 20 199910 27 199941 23 200582 28 200612 25 201254 55 201926 55 202598 55 203271 54 203943 54 204615 54 205287 55 205959 55 206631 55 207302 55 207974 55 208646 53 209318 51 209990 49 210662 48 211334 47 212006 45 212678 39 213350 37 214022 36 214695 33 215369 28 216042 26 216715 24 217388 21 218061 18 218733 17 219406 15 220078 15 220750 15 221422 15 222094 14 222766 13 223438 12 224110 11 224783 10 225455 9 226128 7 226801 4
scene_a9f016ee4ecda4b2,196530 23 197201 28 197872 30 198543 33 199214 35 199885 36 200557 37 201229 40 201901 44 202573 45 203246 45 203919 45 204592 45 205264 45 205937 45 206609 46 207281 47 207954 47 208626 47 209299 47 209972 48 210645 48 211318 47 211991 46 212664 45 213337 44 214010 43 214683 42 215356 41 216029 40 216702 39 217375 38 218048 37 218721 36 219393 35 220066 33 220738 32 221410 31 222083 30 222756 28 223429 26 224101 25 224774 23 225447 21 226126 9 226801 4
scene_aa6153b584b58f87,no-plume
scene_aae715e395c43b29,no-plume
scene_ab6806b0da761096,209995 5 210665 9 211337 10 211993 3 212008 11 212662 30 213333 31 214005 31 214677 31 215349 31 216021 31 216693 31 217365 32 218037 32 218709 32 219382 31 220055 30 220728 29 221401 28 222074 27 222747 26 223421 24 224094 23 224768 21 225443 18 226125 7 226798 6 227470 6 228143 5 228816 4 229489 4 230161 3
scene_ac4d7c774e8ed04e,177786 1 178454 9 179126 10 179797 11 180467 13 181136 17 181806 18 182475 21 183146 18 183818 17 184490 17 185162 17 185834 17 186506 15 187179 14 187852 13 188524 13 189197 12 189869 12 190541 12 191213 13 191885 13 192557 13 193229 13 193901 13 194573 13 195245 12 195916 13 196586 15 197257 16 197929 16 198600 17 199272 17 199942 19 200616 16 201288 16 201960 14 202629 16 203301 16 203973 16 204644 17 205315 18 205986 19 206658 19 207330 19 208001 20 208673 20 209345 20 210017 20 210689 20 211361 20 212033 20 212705 20 213377 20 214049 20 214721 19 215393 19 216066 18 216738 17 217410 14 218082 3 218754 2
scene_ac6e1b415c686a92,no-plume
scene_acbfc2fc310c5b35,no-plume
scene_acceb970909b922d,no-plume
scene_ad83ece028be513d,127350 8 127369 3 128020 14 128036 9 128689 29 129360 31 130031 32 130703 33 131375 34 132048 34 132720 36 133392 37 134065 37 134737 38 135409 38 136081 39 136753 40 137425 40 138097 41 138768 43 139439 45 140111 45 140782 48 141453 51 142125 52 142796 54 143466 57 144129 66 144802 65 145474 65 146146 66 146819 64 147492 63 148165 62 148837 62 149510 60 150182 60 150854 60 151527 59 152199 59 152871 59 153543 59 154215 59 154887 59 155556 63 156227 64 156898 65 157570 66 158241 67 158912 68 159583 70 160253 73 160922 76 161591 80 162262 60 162324 20 162933 62 162996 20 163605 83 164276 84 164947 85 165618 85 166273 5 166290 85 166943 9 166961 86 167614 11 167633 86 168285 13 168304 87 168955 109 169624 112 170293 115 170963 117 171630 122 172300 125 172970 127 173641 127 174311 128 174982 125 175653 124 176324 124 176996 124 177668 123 178340 123 179013 122 179685 122 180358 121 181031 119 181704 118 182376 117 183049 115 183721 114 184393 111 185065 108 185738 104 186410 80 186498 14 187082 80 187173 9 187754 80 188426 80 189098 79 189770 79 190442 79 191114 79 191786 79 192458 79 193130 79 193801 80 194473 80 195144 81 195816 81 196487 82 197159 83 197831 83 198503 83 199174 11 199189 69 199846 11 199862 68 200519 9 200534 67 201192 7 201206 67 201866 3 201878 67 202550 67 203222 66 203893 67 204565 67 205237 66 205909 66 205976 8 206582 74 207254 75 207926 75 208599 74 209271 74 209944 73 210618 71 211296 65 211969 64 212642 62 213315 60 213988 58 214660 57 215332 56 216005 54 216677 53 217349 52 218021 51 218694 50 219367 48 220040 46 220712 46 221385 45 222057 44 222729 44 223401 44 224073 44 224746 42 225418 41 226090 40 226763 37 227436 34 228108 32 228781 27 229453 24 230126 17 230799 12
scene_ad897e2885781932,204544 8 205211 14 205882 15 206554 17 207226 18 207898 20 208571 20 209244 21 209918 22 210590 24 211264 24 211937 26 212609 31 213282 13 213297 17 213334 2 213954 13 213969 18 214004 5 214627 12 214641 19 214675 6 215299 34 215346 7 215971 35 216017 8 216643 36 216688 9 217315 38 217359 10 217986 55 218658 54 219330 55 220002 56 220674 58 221346 59 222019 41 222063 14 222693 39 222735 15 223367 37 223407 17 224040 36 224079 18 224713 35 224754 15 225385 35 225426 16 226058 34 226095 21 226730 34 226767 21 227403 58 228077 57 228753 54 229428 52 230101 52 230773 52 231446 51 232118 51 232791 51 233464 50 234137 50 234810 50 235482 50 236154 50 236826 49 237499 14 237519 28 238171 13 238192 26 238845 8 238866 24 239519 2 239545 16 240218 15 240891 13 241566 9
scene_adc64b512c0668bd,no-plume
scene_aed44916e834e744,no-plume
scene_aeef886edc20c145,92385 4 93050 14 93719 20 94389 27 95059 31 95730 33 96401 35 97072 36 97743 38 98414 39 99085 41 99756 42 100427 43 101098 44 101770 44 102441 44 103112 45 103784 45 104454 47 105125 47 105796 48 106468 47 107139 46 107810 45 108481 45 109153 44 109825 45 110496 46 111168 46 111840 46 112512 46 113184 46 113856 46 114528 46 115200 46 115873 45 116545 45 117217 45 117889 45 118561 45 119233 45 119906 44 120578 44 121250 44 121922 44 122595 43 123268 42 123940 42 124613 41 125285 41 125958 40 126632 37 127305 36 127977 36 128649 35 129322 34 129994 34 130666 34 131339 35 132012 37 132684 39 133357 39 134029 39 134701 40 135373 40 136046 39 136718 39 137391 38 138065 35 138738 34 139410 32 140083 29 140756 26 141428 26 142101 24 142773 24 143445 24 144117 24 144789 24 145461 23 146133 23 146805 23 147477 23 148150 22 148823 21 149495 20 150168 18 150840 18 151513 16 152185 16 152857 16 153529 15 154201 15 154873 15 155545 15 156217 15 156889 15 157561 15 158233 15 158905 15 159577 14 160249 14 160921 13 161593 12 162265 12 162937 12 163610 11 164282 11 164954 10 165626 10 166300 8 166973 7 167645 7 168318 5 168991 1 240912 3 241583 5 242254 6 242926 7 243598 8 244270 8 244942 9 245613 10 246285 9 246957 7 247629 7 248300 7 248974 2
scene_af2cdfa74f0d632a,no-plume
scene_afeaffc451c4557a,no-plume
scene_aff6bb75333ea4cc,no-plume
scene_b09d4989ef030e76,no-plume
scene_b141f8ddd97ac34c,no-plume
scene_b188eeddc7418e14,138713 3 139382 8 140053 11 140724 12 141395 14 142067 14 142739 14 143411 14 144083 14 144755 14 145427 14 146100 13 146772 14 147444 16 148117 17 148789 19 149461 20 150134 21 150806 22 151479 22 152153 21 152827 19 153500 19 154172 20 154844 22 155515 25 156187 26 156858 28 157529 28 158201 28 158872 29 159542 30 160214 30 160885 31 161556 32 162227 33 162898 34 163569 36 164240 37 164909 40 165579 43 166251 44 166922 46 167593 47 168265 48 168938 49 169610 54 170282 56 170954 59 171627 61 172299 63 172971 65 173643 67 174315 68 174987 70 175658 18 175680 52 176330 16 176353 57 177002 16 177025 59 177674 15 177697 61 178346 15 178369 62 179018 15 179040 63 179691 15 179710 64 180363 83 181036 82 181709 81 182382 79 183055 78 183733 72 184407 69 185080 67 185752 65 186425 62 187097 61 187770 59 188444 56 189118 54 189791 52 190467 46 191141 43 191815 39 192487 39 193159 38 193830 39 194502 38 195173 39 195845 38 196516 38 197187 39 197859 38 198531 39 199202 40 199874 40 200547 40 201220 13 201240 21 201893 10 201914 22 202566 8 202588 22 203239 5 203260 23 203932 24 204604 24 205275 26 205947 26 206618 27 207290 27 207961 29 208633 29 209305 31 209977 33 210649 35 211321 35 211993 35 212665 36 213337 36 214010 35 214682 35 215356 32 216029 31 216701 31 217374 29 218048 26 218721 24 219393 24 220066 23 220740 20 221413 19 222085 19 222758 17 223432 14 224105 12 224777 12 225449 11 226121 11 226794 9 227466 8 228140 4
scene_b1a9ace745dfb58e,12402 1 13071 6 13742 9 14413 11 15085 12 15756 13 16427 15 17098 17 17769 19 18439 21 19110 23 19781 24 20453 25 21124 27 21796 28 22468 29 23140 30 23813 30 24485 32 25158 33 25830 34 26502 35 27174 36 27846 38 28517 40 29189 41 29860 44 30531 47 31203 49 31875 52 32546 55 33218 57 33890 58 34562 59 35235 58 35907 59 36579 59 37252 58 37925 57 38597 57 39270 56 39943 56 40616 55 41289 55 41961 55 42633 55 43305 54 43978 53 44650 53 45322 54 45994 54 46666 54 47339 54 48011 54 48684 55 49357 55 50029 55 50703 54 51377 52 52049 52 52722 51 53395 50 54069 48 54742 47 55416 45 56096 37 56771 34 57445 31 58117 31 58791 28 59465 25 60139 22 60813 20 61492 12 62170 2
scene_b1bfa53de969a813,214053 4 214723 6 215387 14 216058 16 216729 17 217400 18 218065 25 218734 27 219406 27 220078 27 220749 28 221421 28 222094 27 222766 27 223440 25 224113 24 224785 24 225457 24 226129 24 226801 24 227473 24 228145 24 228817 23 229488 24 230160 24 230831 23 231502 23 232173 24 232845 23 233517 23 234189 21 234861 20 235533 20 236205 18 236877 13 237549 12 238222 11 238895 9
scene_b21eb60fba33df4b,no-plume
scene_b28f6a2d0448d000,no-plume
scene_b2c1caec5bb530f7,no-plume
scene_b339b333f09b47e9,226138 3 226809 7 227480 9 228151 10 228822 12 229493 15 230165 15 230837 15 231509 15 232181 6 232189 7 232853 5 232862 6 233525 5 233533 6 234197 6 234204 6 234869 12 235541 12 236213 13 236885 14 237557 15 238230 14 238902 13 239576 10 240249 8 240921 8 241594 6 242269 2 247646 3 248317 6 248989 6 249661 5 250333 5 251005 4 251678 2
scene_b5469d9c166b3051,202614 10 203285 12 203957 13 204629 13 205300 14 205972 14 206644 14 207317 12 207989 12 208661 12 209334 9 212690 2 213359 7 214030 9 214066 3 214702 10 214735 8 215373 11 215406 11 216045 12 216077 13 216717 12 216749 14 217389 12 217421 15 218060 14 218093 15 218732 14 218765 16 219404 15 219437 16 220076 16 220109 16 220747 17 220781 16 221419 18 221454 15 222091 18 222126 15 222763 19 222799 13 223435 21 223474 6 224107 22 224779 22 225452 22 226125 21 226797 22 227469 22 228142 21 228817 18 229490 16 230163 15 230837 11 231514 2
scene_b565a524fd0a2da3,144781 6 144804 4 145452 11 145475 7 146124 13 146146 10 146797 13 146817 12 147470 14 147488 13 148143 32 148816 32 149488 32 150161 31 150833 31 151506 30 152178 30 152850 30 153522 30 154194 30 154865 31 155536 31 156206 33 156877 34 157548 35 158220 35 158892 36 159564 36 160236 36 160909 35 161581 36 162253 36 162926 34 163598 34 164270 34 164943 33 165615 32 166288 32 166960 32 167632 32 167675 4 168304 32 168347 4 168976 32 169648 33 170319 34 170991 34 171663 34 172336 33 173008 33 173680 34 174353 33 175027 33 175700 32 176372 33 177045 32 177718 32 178390 33 179063 32 179736 30 180409 29 181082 28 181755 27 182428 27 183102 25 183776 24 184449 23 185123 22 185796 22 186469 22 187142 22 187815 21 188488 21 189161 20 189833 21 190506 20 191180 19 191853 19 192525 19 193197 19 193870 18 194542 18 195214 18 195886 18 196542 11 196557 18 197213 33 197885 32 198556 33 199227 34 199898 35 200569 36 201241 36 201913 36 202585 36 203257 36 203928 36 204599 36 205270 36 205942 35 206613 36 207285 36 207957 36 208629 36 209301 36 209973 35 210645 35 211317 34 211989 33 212662 31 213334 31 214007 30 214681 28 215357 24 216030 23 216703 22 217377 20 218051 18 218724 17 219397 16 220069 16 220742 15 221414 15 222086 15 222760 13 223432 13 224105 12 224777 12 225450 10 226124 6 226797 4 227470 2
scene_b6b8661bb8d3a24b,62091 1 62761 7 63433 8 64104 10 64774 13 65446 13 66117 15 66788 16 67448 29 68118 31 68789 32 69460 33 70124 42 70794 44 71466 44 72138 45 72810 45 73482 45 74154 45 74826 45 75499 44 76171 43 76844 42 77516 42 78189 40 78861 40 79533 40 80205 39 80877 38 81549 37 82221 37 82893 36 83565 36 84237 35 84910 34 85582 34 86254 34 86927 33 87599 33 88272 31 88944 29 89617 27 90289 26 90961 24 91633 22 92306 19 92978 18 93652 10 144938 4 145609 7 146281 8 146952 10 147624 12 148237 3 148295 14 148907 6 148967 17 149578 9 149639 25 150250 13 150310 30 150922 21 150944 11 150964 9 150982 33 151594 52 151654 35 152266 53 152325 37 152938 54 152996 39 153610 56 153667 41 154281 100 154953 101 155625 101 156297 101 156969 102 157641 101 158313 101 158985 101 159657 100 160329 100 161001 99 161673 98 162345 98 163017 97 163689 96 164361 95 165033 94 165705 92 166377 90 167049 89 167721 88 168393 87 169065 86 169737 85 170409 85 171081 84 171753 84 172425 83 173097 82 173769 82 174442 80 175118 75 175792 73 176465 71 177138 70 177812 67 178485 66 179157 53 179211 11 179829 50 179886 6 180501 49 181173 48 181845 48 182518 47 183190 46 183862 46 184534 45 185207 42 185881 38 186553 34 187226 32 187901 7 187913 15 188588 9 189263 1 189894 5 190565 8 191235 12 191906 14 192577 16 193249 17 193920 19 194592 20 195263 22 195933 24 196589 40 197258 43 197929 44 198600 45 199271 46 199941 48 200613 48 201284 49 201954 51 202625 52 203296 53 203967 54 204637 55 205307 57 205978 57 206649 57 207319 58 207990 58 208661 58 209333 55 210004 50 210675 50 211346 50 212017 50 212687 39 213358 37 214029 37 214701 35 215373 33 216045 32 216717 32 217389 31 218061 29 218733 28 219405 28 220077 28 220749 27 221421 26 222093 25 222765 24 223437 23 224109 22 224781 21 225454 18 226126 15 226798 14 227471 12 228146 6
scene_b7469e075131153a,no-plume
scene_b78a44d1916c4df7,no-plume
scene_b84e3c7c745f33e7,156211 3 156882 5 157538 2 157553 7 158208 6 158224 8 158879 9 158894 10 159550 13 159564 13 160222 27 160893 28 161565 28 162237 28 162908 29 163580 29 164252 29 164924 29 165596 29 166267 30 166938 31 167608 33 168278 35 168950 37 169621 41 170292 43 170964 44 171637 43 172309 43 172982 43 173654 43 174327 42 174999 42 175672 42 176344 42 177016 42 177688 43 178360 47 179032 48 179704 43 179748 4 180376 42 180421 3 181048 42 181094 2 181720 41 181766 2 182392 42 182437 3 183064 42 183108 4 183737 41 183780 5 184409 48 185081 49 185753 50 186425 50 187097 51 187769 53 188441 55 189113 58 189785 59 190458 59 191130 59 191803 59 192476 58 193149 56 193822 55 194494 54 195167 54 195840 55 196513 55 197185 55 197857 56 198529 56 199202 56 199874 57 200546 58 201219 57 201892 56 202564 57 203237 56 203909 56 204581 56 205252 57 205924 56 206596 55 207267 55 207938 55 208610 55 209282 54 209954 53 210626 52 211299 50 211972 48 212644 46 213317 44 213989 43 214662 41 215334 39 216007 37 216680 36 217353 33 218028 28 218708 11 218720 7 219381 8 219394 2 220057 2
scene_b8c9feea0ec89ae0,97191 4 97862 6 98533 8 99204 9 99862 25 100533 27 101205 27 101877 28 102549 28 103221 29 103893 30 104565 31 105237 31 105909 32 106581 32 107253 33 107925 34 108598 34 109270 35 109944 34 110628 23 111301 24 111973 24 112646 24 113320 23 113993 24 114665 24 115338 24 116010 25 116683 24 117355 24 118028 23 118701 21 119374 19 120047 17 120730 1 226130 9 226800 13 227471 14 228141 17 228811 21 229482 23 230153 24 230825 25 231496 26 232168 27 232839 28 233511 17 233529 9 234183 14 234204 1 234208 1 234854 12 235527 10 236199 9 236872 10 236893 1 237545 10 237562 4 238217 12 238232 6 238889 22 239561 23 240233 23 240906 23 241579 22 242253 20 242926 18 243598 18 244272 15 244944 14 245617 12 246289 12 246962 11 247634 10 248307 9 248980 7 249654 3
scene_b931a97474978bf5,no-plume
scene_b9c7c710d7d6eb9d,1486 7 2155 18 2822 32 3486 54 4155 59 4826 61 5497 62 6169 63 6840 65 7512 65 8184 65 8856 66 9528 66 10201 65 10874 65 11547 64 12220 64 12894 63 13567 63 14241 63 14914 64 15587 65 16260 65 16933 65 17606 64 18278 64 18951 64 19623 64 20295 64 20967 64 21638 65 22310 65 22982 65 23654 66 24326 16 24344 48 24998 12 25018 46 25671 9 25690 46 26345 4 26363 45 27018 1 27035 46 27707 46 28379 46 29051 46 29723 27 29752 18 30395 25 30425 17 30453 2 31067 24 31098 16 31125 3 31739 23 31771 16 32411 22 32444 16 33083 22 33116 17 33756 20 33788 18 34430 17 34461 18 35106 7 35134 20 35751 6 35806 21 35828 8 36423 8 36479 34 37096 8 37152 36 37769 8 37825 37 38441 8 38497 39 39114 8 39170 39 39786 8 39842 40 40458 9 40514 41 41131 8 41187 42 41803 8 41859 44 42475 8 42531 45 43147 8 43203 47 43820 8 43875 48 44492 8 44546 50 45164 8 45218 50 45836 8 45889 51 46508 8 46560 52 47180 8 47227 57 47853 7 47898 57 48525 7 48569 56 49197 7 49240 54 49869 8 49912 10 49924 40 50541 8 50585 7 50598 36 51213 8 51258 3 51272 33 51884 10 51945 31 52556 10 52618 29 53229 9 53291 28 53901 9 53965 25 54573 8 54638 23 55246 7 55311 22 55987 2 55996 7 62658 2 63329 5 64000 7 64672 8 65344 8 66015 10 66687 11 67358 13 68030 14 68701 15 69373 16 70044 19 70716 23 71388 25 72059 28 72731 29 73403 29 74075 30 74747 30 75420 29 76092 29 76765 28 77438 26 78111 25 78150 2 78787 20 78820 8 79460 19 79491 10 80130 21 80162 13 80801 22 80833 15 81472 22 81505 17 82143 24 82176 19 82815 25 82847 22 83487 27 83517 26 84159 58 84831 59 85503 60 86175 61 86847 61 87519 62 88192 9 88204 50 88865 6 88877 50 89538 3 89549 51 90210 3 90221 51 90883 1 90893 52 91564 55 92236 56 92902 3 92907 58 93573 66 94245 68 94917 70 95588 72 96260 73 96931 76 97603 77 98274 79 98945 81 99617 82 100272 8 100288 85 100942 12 100957 88 101613 105 102284 108 102956 109 103627 111 104298 113 104969 115 105639 118 106310 120 106460 6 106981 123 107127 14 107651 126 107797 18 108322 129 108467 21 108994 131 109138 23 109665 135 109809 24 110337 138 110480 26 111008 171 111680 172 112352 172 113024 173 113696 14 113713 156 114368 13 114386 156 115040 12 115058 156 115712 11 115730 156 116384 10 116403 155 117056 9 117075 156 117728 9 117746 157 118400 9 118418 23 118445 16 118463 114 119072 9 119090 21 119120 8 119139 113 119744 8 119762 20 119813 114 120417 5 120435 18 120487 113 121090 2 121108 15 121161 112 121783 10 121834 111 122507 111 123179 111 123852 111 124524 111 125197 111 125870 110 126542 110 127215 91 127308 17 127889 88 127980 17 128563 107 129239 76 129320 22 129913 73 129992 22 130587 70 130664 23 131260 68 131335 24 131933 67 132007 25 132605 66 132679 25 133277 65 133350 27 133949 65 134022 28 134621 64 134694 29 135292 65 135366 30 135964 65 136038 31 136634 67 136710 32 137303 70 137382 34 137969 76 138054 36 138638 79 138726 38 139309 81 139399 38 139979 84 140072 39 140650 86 140744 40 141321 88 141417 39 141992 91 142092 37 142663 93 142766 37 143334 95 143440 37 144006 95 144114 37 144677 97 144787 38 145348 99 145461 38 146020 99 146135 37 146692 100 146809 36 147364 101 147484 33 148036 102 148158 31 148709 102 148832 29 149381 102 149505 27 150054 102 150179 24 150727 101 150852 20 151399 102 151525 16 152072 101 152198 12 152744 101 152870 11 153416 101 153542 10 154089 100 154214 10 154761 99 154886 9 155434 98 155558 9 156106 97 156230 9 156780 94 156902 8 157453 93 157574 8 158128 91 158247 6 158802 90 158921 3 159475 90 160148 90 160820 93 161493 95 162166 95 162838 96 163511 96 164200 80 164875 78 165548 78 166223 76 166898 74 167572 73 168244 74 168917 74 169590 74 170262 75 170935 74 171607 75 172279 76 172951 77 173623 77 174296 77 174969 76 175641 76 176314 75 176987 74 177661 72 178334 71 179007 70 179680 69 180354 67 181027 66 181700 65 182372 65 183045 63 183717 63 184390 62 185063 60 185736 58 186409 56 187081 55 187754 55 188428 53 189101 52 189774 51 190447 51 191120 50 191793 50 192465 51 193137 52 193809 54 194481 55 195153 56 195826 56 196498 58 197170 60 197842 60 198515 60 199187 61 199860 61 200532 61 201204 62 201876 64 202548 64 203221 64 203893 65 204565 66 205238 66 205910 67 206583 66 207258 25 207285 36 207931 23 207960 33 208605 20 208633 33 209278 16 209306 32 209979 33 210652 32 211325 32 211998 31 212675 26 213348 25 214021 24 214693 24 215365 24 216037 23 216709 23 217381 21 218053 21 218725 20 219397 20 220068 21 220740 21 221412 21 222085 20 222757 20 223429 20 224101 20 224774 18 225447 16 226121 13 226793 12 227466 11 228141 6
scene_ba0a0ac5a20ec6a4,228811 9 229482 11 230153 12 230824 13 231495 14 232166 15 232837 16 233508 17 234175 22 234844 25 235515 26 236186 27 236858 27 237529 28 238200 29 238870 31 239540 33 240211 34 240882 35 241553 37 242225 38 242894 2 242897 39 243534 5 243565 3 243570 38 244203 10 244237 4 244242 39 244870 18 244908 5 244914 39 245540 23 245578 7 245587 38 246211 25 246250 8 246259 37 246882 27 246921 9 246931 37 247554 29 247593 9 247603 36 248225 31 248264 11 248276 34 248897 32 248936 11 248948 33 249568 34 249605 14 249620 33 250240 52 250293 31 250911 53 250965 30 251583 53 251637 29 252256 53 252310 27 252928 53 252982 25 253600 53 253654 24 254273 53 254327 22 254945 53 254999 21 255617 53 255672 17 256289 54 256344 15 256961 54 257016 14 257633 55 257689 13 258304 56 258361 12 258976 57 259034 11 259647 58 259706 10 260319 58 260379 8 260991 57 261663 10 261680 38 262335 10 262353 36 263007 10 263025 36 263679 10 263697 35 264350 11 264369 35 265022 11 265041 34 265691 18 265712 32 266361 51 267031 51 267702 51 268374 50 269045 42 269717 40 270389 40 271062 7 271075 25 271748 23 272421 21 273093 20 273766 18 274441 4 291190 2 291862 1
scene_bac79caeb56d5c8a,218059 16 218730 19 219401 20 220073 21 220745 23 221417 24 222089 24 222761 24 223433 24 224105 24 224778 22 225450 22 226124 18 226797 16 227469 15 228142 13
scene_bb4a44a35930989e,218936 4 218966 2 219607 7 219635 6 220278 9 220306 7 220949 12 220976 10 221620 14 221645 13 222291 17 222313 18 222962 42 223463 8 223634 43 224128 17 224305 45 224798 19 224976 47 225468 23 225505 6 225648 47 226138 31 226176 9 226319 49 226809 37 226847 11 226983 2 226987 54 227480 51 227654 59 228153 51 228326 59 228825 51 228997 61 229497 52 229669 61 230170 51 230340 62 230844 49 231012 63 231519 46 231684 64 232192 46 232356 66 232865 45 232921 3 233028 76 233537 46 233591 5 233699 83 234210 45 234262 7 234371 85 234882 46 234933 8 235043 86 235555 45 235605 9 235715 87 236228 45 236276 10 236387 88 236900 46 236947 10 237059 90 237573 56 237730 92 238245 56 238402 93 238917 56 239074 95 239589 56 239745 97 240262 54 240416 99 240934 54 241087 101 241607 51 241758 103 242287 42 242430 104 242961 39 243101 106 243633 38 243773 107 244307 32 244444 108 244980 30 245116 109 245653 28 245788 109 246326 27 246460 110 246998 27 247132 110 247672 25 247788 11 247803 112 248345 25 248457 130 249017 25 249127 133 249690 25 249798 135 250367 22 250468 138 251040 22 251140 140 251713 21 251812 141 252385 22 252485 142 253057 22 253158 21 253183 117 253729 22 253831 19 253856 117 254402 20 254506 14 254528 117 255075 18 255183 5 255201 117 255749 13 255873 117 256423 10 256546 116 257097 6 257218 117 257891 116 258564 115 259238 113 259911 113 260587 109 261261 107 261934 106 262606 106 263279 105 263952 104 264625 103 265298 101 265972 99 266646 96 267320 94 267993 17 268012 74 268667 10 268687 70 269342 4 269360 69 270034 67 270707 65 271381 63 272055 60 272728 59 273402 56 274075 54 274749 10 274766 34 275423 5 275440 31 276113 29 276785 27 277457 26 278129 25 278801 24 279473 24 280145 23 280818 21 281490 21 282163 20 282836 20 283510 18 284183 17 284857 15
scene_bbdc02014840c79a,226797 3 227467 6 228137 10 228802 21 229473 24 230144 25 230815 27 231486 30 232157 32 232829 32 233500 33 234150 10 234172 33 234820 15 234842 35 235491 18 235512 37 236162 59 236830 63 237501 64 238172 65 238842 68 239512 70 240182 73 240853 75 241524 76 242194 79 242864 81 243536 82 244209 82 244881 83 245554 83 246226 83 246899 83 247572 84 248245 83 248917 84 249589 84 250261 84 250932 85 251604 85 252266 1 252276 85 252937 3 252948 84 253609 5 253619 85 254282 94 254960 86 255634 83 256312 77 256986 74 257660 72 258332 70 259005 68 259677 68 260349 67 261022 65 261694 64 262366 62 263039 59 263712 53 264385 49 265057 48 265730 45 266404 38 267077 36 267750 34 268423 31 269101 21 269777 15 270453 9
scene_bcbcf6b4373d1897,no-plume
scene_bd56723b21e13f6b,207299 7 207970 10 208641 11 209313 12 209985 12 210656 13 211327 14 211999 14 212670 16 213341 17 214013 18 214685 20 215357 22 216029 23 216702 23 217375 22 218048 21 218721 20 219393 20 220066 19 220739 18 221412 17 222085 16 222758 15 223431 14 224104 13 224777 12 225450 9
scene_bd8ee034052336b0,no-plume
scene_bdaa7cdc8c9a1b93,175722 2 176394 3 177066 3 177738 3 178411 2 191842 5 192513 6 193186 3 193858 2 200593 3 201263 5 201935 5 202606 6 203278 6 203951 4 207310 2 207981 4 208653 4 209324 5 209991 10 210662 11 211333 12 212005 12 212677 12 213348 13 214020 13 214691 14 215362 15 216034 15 216706 15 217378 16 218050 18 218722 19 219394 19 220067 18 220740 17 221412 18 222085 17 222757 17 223429 17 224102 16 224774 16 225448 12
scene_bdb3cbf5f21da62c,191166 6 191194 15 191837 8 191864 22 192509 9 192535 24 193180 11 193205 25 193851 13 193875 27 194522 15 194546 28 195193 16 195217 28 195864 18 195888 28 196535 52 197206 52 197877 52 198549 52 199221 51 199893 51 200565 50 201237 47 201909 41 202581 40 203253 39 203925 36 204597 33 205269 32 205941 31 206613 30 207285 13 207957 12 208630 11 209302 10 209976 6 210649 4 211322 2
scene_bebd85bfb64127c7,204609 3 205278 9 205949 11 206621 11 207291 14 207961 16 208632 18 209305 17 209978 16 210651 16 210674 2 211324 16 211344 4 211999 22 212672 21 213345 20 214017 20 214690 8 214699 9 215362 8 215372 8 216034 7 216045 7 216707 5 216717 7 217390 6 218062 6 218734 6 219406 7 220077 9 220748 11 221420 12 222091 14 222764 13 223436 13 224109 12 224781 12 225453 11 226125 11 226797 11 227470 9 228142 7
scene_bf38afc229fd04ff,148791 3 149462 6 150134 6 150805 8 151477 8 152149 9 152820 10 153492 11 154163 14 154834 16 154853 8 155506 28 156178 29 156849 31 157521 31 158193 31 158865 12 158881 15 159537 11 159555 13 160209 10 160228 12 160880 11 160902 10 161552 10 161576 8 162224 10 162250 4 162896 10 163568 10 164240 10 164912 10 165584 9 165615 9 166257 8 166284 14 166930 6 166952 20 167620 24 168291 26 168962 27 169634 27 170305 28 170977 28 171650 27 172322 27 172994 27 173666 27 174338 27 175010 27 175683 26 176355 26 177027 27 177699 29 178370 33 179042 34 179714 35 180385 37 181057 38 181729 38 182401 38 183072 39 183744 39 184416 39 185089 37 185761 37 186433 37 187105 36 187778 35 188452 33 189125 32 189798 32 190471 32 191144 35 191817 36 192489 36 193161 37 193833 39 194505 40 195177 41 195849 42 196521 43 197193 43 197865 43 198538 42 199211 40 199886 36 200561 32 201235 29 201908 26 202581 24 203253 23 203924 24 204596 23 205267 23 205939 23 206611 23 207284 23 207956 23 208628 23 209301 21 209973 21 210645 20 211317 21 211990 20 212662 22 213335 21 214008 21 214680 22 215353 22 216025 23 216697 24 217370 23 218043 23 218716 23 219389 23 220061 23 220733 24 221405 24 221539 8 222077 24 222210 10 222750 23 222882 10 223423 22 223554 11 224096 21 224225 13 224769 20 224897 13 225441 20 225569 14 226113 19 226241 15 226785 19 226913 15 227457 19 227585 16 228130 15 228257 16 228930 15 229602 15 230274 15 230948 12 231621 11 232295 8 232969 4 429378 2 430049 6 430720 9 431392 11 432064 12 432736 12 433409 12 434081 13 434753 13 435426 13 436099 13 436771 14 437444 14 438118 13 438791 13 439464 13 440137 12 440811 10 441485 8 442158 7 442832 4
scene_bf564a7777c0e7c5,373 25 1045 25 1716 27 2387 29 3057 33 3728 36 4399 39 5070 40 5741 42 6411 45 7082 46 7753 47 8423 50 9094 51 9766 51 10437 52 11109 52 11780 53 12451 54 13122 55 13793 55 14464 56 15135 56 15806 56 16478 55 17149 56 17821 56 18492 58 19151 6 19163 60 19236 14 19822 75 19904 20 20493 104 21165 105 21837 105 22509 106 23182 106 23855 105 24529 103 25202 103 25875 102 26549 100 27222 100 27894 100 28567 100 29239 101 29912 100 30585 100 31257 101 31931 101 32605 101 33279 100 33956 96 34631 93 35304 93 35977 92 36650 91 37333 81 38007 79 38681 77 39354 76 40028 74 40701 73 41373 72 42046 71 42718 70 43390 70 44063 68 44735 66 45407 63 46080 59 46752 58 47425 57 48098 56 48771 55 49444 55 50116 56 50788 58 51460 61 52132 63 52804 64 53475 66 54147 66 54819 66 55491 67 56163 66 56836 65 57508 65 58180 65 58852 66 59524 69 60196 72 60868 74 61541 75 62213 80 62886 84 63558 85 64232 84 64904 84 65577 83 66250 83 66923 82 67597 81 68270 80 68943 80 69617 80 70290 82 70964 81 71637 81 72310 81 72987 78 73661 78 74334 78 75008 77 75682 76 76356 85 77029 85 77703 84 78380 80 79053 80 79726 79 80400 77 81076 73 81749 72 82422 70 83097 5 83109 53 83792 41 84466 38 85139 37 85813 35 86487 34 87160 33 87833 32 88505 32 89178 31 89850 31 90523 30 91196 30 91869 29 92542 29 93215 29 93889 27 94563 26 95236 25 95909 24 96583 21 97258 18 97932 15 98605 13 99279 9 202595 4 203266 6 203938 6 204609 7 205281 8 205953 8 206624 9 207294 11 207966 11 208637 12 209308 13 209973 20 210642 23 211312 25 211983 26 212654 27 213326 27 213997 28 214669 29 215341 31 216013 32 216050 5 216685 33 216721 7 217357 43 218029 44 218701 44 219373 44 220045 44 220718 43 221390 44 222063 42 222736 41 223410 39 224083 38 224756 37 225430 34 226106 29 226780 26 227453 24 228126 21 228800 11 229473 9 230145 8 230819 5 239558 1 240228 3 240899 4
scene_c0b21111462fcd3d,162955 5 163626 7 164298 9 164969 11 165641 11 166313 11 166984 13 167656 13 168328 13 168999 14 169660 5 169669 15 170330 26 171001 27 171671 28 172341 29 173011 30 173682 31 174353 32 175024 33 175694 35 176365 36 177037 36 177709 36 178381 36 179053 36 179726 35 180398 35 181070 35 181742 36 182414 36 183086 36 183757 37 184429 38 185101 39 185772 40 186442 43 187114 43 187786 43 188458 44 189130 44 189802 45 190476 8 190489 31 191163 29 191836 29 192509 28 193183 27 193860 22 194533 23 195206 22 195878 22 196552 21 197225 20 197897 20 198570 20 199244 18 199917 19 200589 19 201261 20 201933 21 202605 21 203278 21 203950 20 204622 20 205295 18 205967 18 206638 17 207309 10 207980 10 208651 10 209322 10 209993 9 210663 10 211335 9 212007 8 212679 6 213352 4 214026 1
scene_c27a2e61ba024412,207302 6 207972 10 208642 13 209311 17 209977 23 210646 27 211318 27 211989 28 212661 29 213332 30 214004 31 214677 31 215352 28 216028 25 216700 25 217373 25 218046 25 218719 25 219392 25 220066 23 220741 20 221414 19 222087 18 222760 17 223433 16 224105 16 224777 16 225450 15 226123 14 226796 13 227469 11 228141 11 228814 8 229487 6 230160 5
scene_c30a54ba5321bae1,230738 2 231408 6 232079 8 232750 10 233422 11 234093 13 234765 14 235436 16 236108 17 236778 21 237449 27 238121 29 238792 32 239463 39 240134 45 240805 47 241475 52 241532 7 242145 68 242815 71 243486 72 244158 73 244829 74 245501 74 246173 74 246845 75 247517 76 248189 77 248861 78 249534 80 250206 71 250278 11 250878 70 250953 18 251551 69 251625 19 252225 6 252236 58 252297 19 252911 78 253585 76 254257 77 254928 79 255599 83 256270 86 256941 89 257612 91 258284 101 258954 106 259626 107 260298 107 260970 108 261642 108 262315 107 262987 107 263659 107 264332 105 264995 5 265004 105 265666 7 265676 105 266338 8 266347 106 267010 115 267682 115 268354 114 269026 114 269698 113 270370 112 271043 111 271716 109 272388 109 273061 108 273734 106 274393 3 274406 105 275063 6 275079 103 275734 8 275751 103 276406 8 276424 101 277078 8 277096 100 277749 9 277768 99 278421 9 278440 99 279093 9 279112 22 279137 73 279765 9 279784 22 279811 70 280436 10 280456 21 280484 69 281108 10 281128 21 281156 69 281779 11 281800 21 281829 67 282449 13 282472 20 282501 66 283118 16 283143 21 283173 65 283786 19 283815 21 283846 63 284459 18 284487 21 284519 62 285131 17 285159 21 285193 59 285804 16 285831 20 285867 27 285896 26 286477 13 286503 19 286541 23 286570 23 287174 19 287214 18 287245 19 287845 18 287887 6 288515 14 288562 1 289187 12 289859 11 290531 11 291203 10 291875 10 292549 7 293222 3
scene_c4ced86956734ead,189938 2 190607 7 191273 14 191933 27 192603 30 193274 30 193910 4 193946 12 193960 16 194581 7 194617 13 194633 15 195253 8 195288 14 195307 13 195925 9 195942 3 195959 15 195980 10 196597 49 196654 6 197269 49 197328 3 197941 49 198612 51 199282 55 199954 55 200625 57 201296 58 201963 62 202634 63 203305 64 203977 61 204649 57 205321 56 205993 56 206665 55 207337 53 208009 52 208681 52 209352 52 210022 50 210694 48 211365 48 212036 46 212707 42 213378 41 214049 41 214720 40 215390 38 216061 36 216732 36 217403 33 218071 31 218742 31 219413 31 220084 31 220751 35 221421 36 222093 35 222764 35 223436 34 224107 34 224778 34 225450 32 226122 25 226793 25 227465 24 228137 23 228809 21 229481 20 230154 18 230827 15
scene_c4d5eceb71f439d2,no-plume
scene_c56afcd8b0aa2a54,175118 10 175788 25 176459 27 177129 30 177798 34 178437 9 178466 38 179108 11 179137 39 179780 14 179807 41 180452 68 181124 68 181795 68 182466 69 183138 68 183809 69 184481 68 185153 68 185824 69 186496 69 187167 70 187838 71 188510 71 189181 72 189853 72 190524 72 191196 72 191867 73 192537 75 193208 75 193879 75 194550 76 195222 75 195893 76 196564 77 197235 78 197906 79 198577 79 199249 78 199920 78 200591 47 200641 28 201262 47 201316 24 201934 47 201989 22 202605 47 202662 20 203277 46 203334 19 203949 46 204008 16 204621 46 204683 11 205293 46 205357 8 205965 45 206030 6 206637 45 207310 43 207982 42 208654 36 209327 34 209999 32 210671 31 211343 30 212014 20 212037 7 212686 18 213357 18 214029 18 214701 18 215373 19 216045 19 216717 19 217389 19 218061 19 218733 20 219405 20 220077 19 220749 19 221421 19 222094 18 222766 18 223440 16 224113 14 224785 14 225457 13 226130 11 226802 11 227474 11 228149 7
scene_c5adad4070c6790c,no-plume
scene_c7c2bcda507638be,191854 3 192525 6 193196 9 193866 14 193890 6 194537 16 194560 12 195209 17 195231 14 195254 1 195880 19 195900 30 196527 4 196550 55 197194 14 197221 58 197865 16 197892 60 198535 19 198563 61 199202 27 199233 64 199873 96 200518 2 200544 98 201188 7 201202 2 201215 100 201857 23 201885 103 202528 133 203196 137 203861 145 204530 149 205202 150 205873 151 206544 153 207215 154 207886 155 208558 155 209230 155 209902 61 209967 90 210574 59 210643 15 210659 70 211246 58 211316 13 211331 69 211921 52 211990 9 212003 69 212624 18 212664 6 212675 68 213298 15 213338 2 213346 69 213971 13 214018 68 214646 8 214690 68 215362 68 216035 67 216707 66 217380 65 218053 64 218725 64 219397 63 220071 61 220744 57 221417 55 222089 53 222762 49 223435 46 224108 44 224781 42 225453 40 226125 13 226145 18 226797 11 226819 14 227469 10 227492 12 228142 6 228165 8
scene_c9321c028209e357,148065 5 148735 10 149406 12 150078 14 150750 18 151421 26 152093 28 152765 29 153437 33 154110 34 154782 35 155455 36 156129 39 156802 41 157476 40 158150 39 158824 39 159497 41 160171 41 160845 40 161518 8 161528 33 162191 4 162202 34 162875 34 163548 35 164221 37 164893 39 165566 38 166239 38 166912 38 167585 37 168258 37 168931 36 169606 32 170281 29 170955 27 171628 25 172300 24 172973 21 173645 21 174318 4 174327 11 174990 2 175001 8 175674 7 176346 7 177018 8 177689 10 177720 4 178361 11 178388 11 179033 12 179058 14 179704 14 179727 18 180376 43 181047 45 181719 46 182390 48 183061 49 183732 51 184404 51 185075 53 185747 53 186419 53 187091 54 187763 54 188436 54 189108 55 189780 57 190452 59 191124 61 191796 63 192468 64 193140 64 193813 64 194485 64 195158 63 195831 62 196504 62 197177 61 197849 62 198521 62 199193 62 199865 63 200537 63 201208 64 201879 64 202549 66 203220 67 203891 67 204562 67 205234 67 205905 68 206577 67 207249 66 207921 65 208593 64 209264 65 209936 65 210608 65 211280 64 211954 61 212639 47 213312 45 213985 44 214658 42 215332 38 216005 36 216678 34 217353 29 218029 24 218702 22 219375 19 220050 3
scene_c944e4faeb10be58,no-plume
scene_c9864e945539cf1c,87005 9 87675 13 88346 15 89018 16 89042 9 89689 17 89712 12 90361 36 91033 36 91705 36 92377 36 93049 36 93721 35 94393 34 95066 32 95738 32 96410 31 97083 30 97756 29 98428 29 99099 31 99764 39 100434 43 101105 45 101776 47 102448 49 102646 8 103119 50 103317 12 103791 51 103989 14 104463 51 104661 15 105134 52 105333 17 105806 52 106005 19 106478 51 106677 19 107150 51 107350 18 107822 51 108023 18 108494 50 108696 17 109166 50 109369 16 109839 48 110043 14 110512 47 110716 13 111185 45 111389 12 111858 44 112061 13 112531 43 112734 12 113204 42 113407 12 113877 41 114080 13 114550 39 114753 13 115222 19 115245 15 115425 14 115895 15 115920 10 116097 18 116568 13 116594 5 116770 19 117241 11 117442 20 117915 8 118114 21 118787 22 119460 24 120132 27 120806 27 121479 28 122152 28 122825 28 122862 5 123498 28 123532 9 124172 42 124845 44 125517 46 126190 45 126862 45 127534 45 128207 44 128880 42 129553 40 130226 38 130898 37 131572 34 132248 30 132921 28 133593 27 134266 24 134940 21 135613 19 136285 18 136959 15 137633 12 138307 9 138980 7 229538 5 230210 6 230881 8 231553 10 232225 11 232897 12 233569 12 234241 12 234913 12 235585 12 236257 12 236929 12 237601 12 238273 12 238945 12 239617 12 240289 12 240961 12 241633 12 242305 12 242977 12 243650 11 244322 12 244721 10 244995 12 245391 13 245668 12 246062 15 246341 12 246734 16 247013 12 247405 19 247685 12 248077 20 248357 12 248749 20 249029 13 249421 21 249701 14 250093 22 250373 18 250765 23 251045 20 251437 24 251717 21 252109 24 252389 21 252781 24 253062 22 253453 24 253734 22 254125 24 254406 23 254797 25 255078 22 255469 25 255751 21 256141 26 256423 21 256813 26 257097 19 257485 26 257772 15 258157 26 258447 11 258829 26 259120 9 259501 27 259793 7 260173 27 260465 6 260845 27 261138 2 261517 28 262189 28 262861 28 263533 28 264205 29 264491 4 264877 29 265162 6 265549 29 265834 6 266220 30 266505 7 266892 30 267177 7 267564 30 267849 7 268236 29 268521 7 268907 30 269193 7 269578 31 269865 7 270250 31 270537 7 270922 31 271210 5 271594 31 271883 1 272266 31 272938 31 273609 32 274281 32 274953 31 275625 31 276297 31 276969 31 277641 31 278313 30 278985 30 279657 30 280329 30 281001 29 281673 29 282345 29 283016 29 283688 29 284360 29 285032 28 285704 28 286376 28 287049 26 287721 25 288393 25 289065 24 289738 23 290412 21 291085 19 291757 19 292431 14 307536 4 308206 7 308878 7 309550 7 310222 8 310894 7 311566 6 312239 5
scene_c9a7dc443b9b8773,no-plume
scene_c9dd3d9a1db3ed8c,172334 15 173003 22 173028 12 173673 42 174343 46 175012 49 175682 52 176353 54 177023 56 177694 57 178365 59 179036 60 179707 61 180378 62 181049 63 181720 64 182391 65 183061 67 183732 68 184403 69 185073 71 185745 71 186416 71 187087 72 187758 72 188430 72 189101 73 189773 73 190445 73 191116 74 191788 75 192460 75 193131 77 193803 15 193819 63 194462 2 194474 12 194492 65 195134 2 195146 10 195165 66 195819 7 195837 67 196492 5 196510 67 197165 3 197182 68 197854 69 198526 69 199197 70 199869 71 200541 72 201197 2 201213 73 201858 14 201885 75 202529 16 202556 78 203200 19 203228 79 203872 20 203901 79 204543 23 204574 28 204604 49 205215 24 205248 25 205278 48 205887 25 205922 22 205951 48 206560 24 206599 16 206624 48 207233 24 207277 8 207297 48 207905 24 207953 3 207969 49 208578 23 208642 49 209257 16 209314 51 209931 14 209987 53 210604 14 210659 55 211276 14 211331 56 211948 14 212002 57 212621 14 212673 59 213293 14 213343 61 213965 15 214012 64 214637 16 214682 66 215309 17 215353 66 215981 19 216025 66 216653 21 216696 67 217325 22 217368 66 217996 24 218040 64 218668 25 218712 62 219340 25 219383 59 220011 27 220056 55 220682 29 220728 54 221354 30 221400 53 222025 32 222072 52 222697 33 222745 51 223368 35 223418 13 223435 32 224040 36 224093 6 224109 30 224711 38 224782 28 225383 39 225456 25 226054 41 226129 23 226726 42 226803 11 226815 8 227397 44 228069 45 228740 47 229411 49 230082 50 230753 52 231424 54 232095 55 232767 56 233439 57 234111 58 234784 58 235457 58 236136 53 236810 54 237483 54 238155 55 238826 57 239497 60 240169 61 240840 63 241511 65 242182 67 242854 68 243525 70 244197 71 244869 73 245541 75 246213 76 246886 76 247558 78 248230 80 248903 80 249576 80 250249 81 250922 81 251595 82 252267 83 252939 84 253611 85 254283 86 254955 87 255627 87 256299 88 256971 89 257644 10 257656 76 258317 8 258329 76 258989 6 259002 76 259662 3 259675 76 260347 78 261019 80 261691 81 262363 83 263035 84 263707 86 264380 87 265049 91 265716 97 266386 100 267057 102 267728 104 268399 106 269069 110 269741 111 270412 113 271083 115 271754 117 272426 119 273097 121 273768 123 274439 127 275110 130 275781 134 275933 3 276453 135 276601 14 277124 138 277270 19 277796 139 277940 23 278467 169 279139 170 279810 171 280482 172 281154 172 281826 173 282498 173 283170 174 283842 174 284514 174 285186 174 285858 174 286530 174 287202 174 287874 174 288546 174 289218 174 289891 61 289955 109 290563 11 290576 30 290631 105 291236 7 291249 26 291305 104 291412 5 291910 3 291922 23 291978 102 292084 7 292596 20 292651 100 292756 7 293324 98 293428 8 293997 97 294101 7 294670 95 294773 7 295343 93 295446 6 296016 92 296121 2 296689 90 297361 89 298035 86 298709 82 299383 79 300057 77 300144 9 300731 74 300813 14 301404 73 301484 15 302078 70 302156 16 302750 69 302828 16 303421 69 303499 18 304093 69 304171 18 304764 70 304843 19 305435 70 305515 19 306104 73 306187 20 306771 79 306859 21 307441 81 307531 22 308111 83 308203 24 308782 84 308876 25 309453 86 309549 27 310124 88 310222 29 310795 91 310895 29 311467 92 311570 27 312138 94 312245 25 312809 96 312919 24 313480 97 313593 23 314152 98 314266 22 314823 99 314942 18 315494 101 315617 15 316166 102 316293 11 316839 101 316968 8 317511 102 318184 102 318857 102 319529 102 320202 102 320875 101 321548 100 322220 100 322892 100 323565 99 324237 99 324910 97 325582 96 326255 94 326929 92 327604 90 328277 89 328951 87 329624 87 330296 90 330969 92 331641 94 332314 94 332987 94 333662 4 333675 80 334350 78 335023 78 335698 75 336373 74 337047 73 337720 73 338393 72 339066 72 339738 73 340411 73 341083 73 341755 74 342427 74 343100 74 343772 74 344445 74 345118 74 345790 74 346464 72 347138 70 347811 69 348484 68 349157 67 349831 64 350504 63 351177 61 351849 61 352522 59 353194 58 353867 55 354540 53 355213 51 355886 49 356559 48 357232 48 357906 47 358580 46 359253 46 359925 47 360597 47 361270 47 361942 48 362614 49 363286 50 363958 52 364630 53 365303 54 365976 56 366648 57 367320 57 367992 58 368665 59 369337 60 370009 60 370681 61 371353 62 372025 63 372697 64 373370 63 374043 63 374716 63 375389 25 375419 33 376062 23 376092 32 376736 20 376765 32 377410 16 377438 31 378084 13 378111 30 378759 8 378784 29 379458 28 380131 28 380804 27 381478 25 382152 24 382825 23 383497 23 384169 22 384841 22 385513 21 386185 21 386857 20 387529 20 388201 20 388873 20 389545 20 390217 20 390889 20 391561 19 392234 18 392906 18 393579 17 394251 16 394925 13 395598 11 396271 10 396944 8 397618 5
scene_c9f127bf0a5e0b08,no-plume
scene_caf0eda36f2fb9f7,216026 2 216697 4 217368 6 218038 23 218710 26 219381 27 220053 27 220725 28 221397 28 222069 28 222741 28 223413 28 224085 28 224757 28 225429 28 226102 27 226774 4 226780 21 227456 16 228130 14 228808 4
scene_cb9cca77a0a7154e,no-plume
scene_cc55fb21524557a3,no-plume
scene_cc58d2a0707d4e49,no-plume
scene_cc9f1fb224214475,no-plume
scene_ccf9e5176f4767b7,9218 3 9888 7 10558 9 11229 11 11899 14 12570 15 13242 15 13913 16 14584 16 15256 16 15928 15 16600 14 17272 13 17944 12 18617 10 19290 7 19963 5 197899 5 198569 7 199229 20 199900 21 200572 21 201244 21 201916 21 202588 20 203260 20 203932 20 204605 19 205277 19 205949 19 206621 19 207293 19 207965 19 208637 19 209309 19 209981 19 210653 18 211325 18 211997 17 212669 16 213341 16 214013 16 214685 16 215357 16 216029 16 216702 15 217374 14 265428 4 266098 9 266769 11 267440 13 268112 13 268784 13 269456 14 270128 14 270801 13 271473 12 272146 11 272818 11 273491 9 274163 9 274836 8 275509 6 276181 6 276854 5 277526 4 278199 1
scene_cf04d1ef89befa2a,no-plume
scene_cf379c9ba3be689b,225377 6 226046 12 226717 16 227389 19 228060 22 228732 26 229403 29 230074 31 230745 32 231417 34 232088 36 232760 37 233432 38 234104 51 234185 6 234776 52 234855 10 235449 51 235526 12 236123 51 236197 14 236796 51 236866 26 237469 52 237537 29 238141 52 238208 30 238813 54 238879 32 239486 98 240158 99 240831 98 241505 97 242179 96 242854 94 243527 93 244200 91 244872 90 245545 89 246217 88 246888 88 247560 88 248231 88 248903 87 249576 84 250248 82 250921 80 251594 79 252267 76 252940 74 253613 7 253625 60 254286 3 254298 58 254971 56 255644 42 256317 40 256989 39 257661 38 258333 25 259005 23 259677 21 260349 19 261020 17 261692 16 262363 15 263035 12 263706 12 264377 13 265049 12 265721 12 266392 14 267064 14 267735 15 268407 14 269079 14 269750 15 270421 16 271094 14 271766 13 272439 9 412191 5 412862 8 413533 10 414150 2 414205 22 414819 6 414876 25 415490 7 415547 27 416162 6 416220 27 416834 6 416892 31 417506 5 417564 32 418236 33 418909 32 419582 31 420254 31 420926 31 421599 30 422272 30 422945 29 423618 28 424291 27 424964 26 425637 24 426310 23 426982 23 427655 21 428328 20 429001 18 429673 17 430345 17 431017 16 431689 16 432361 16 433033 16 433705 16 434377 15 435049 15 435721 13 436393 12 437065 12 437738 10 438410 8 439083 6 439756 5 440430 1
scene_d0f48e257a5421fa,no-plume
scene_d15ad9ce3de90c4f,121199 1 121870 4 121910 11 122541 7 122580 14 123213 8 123250 16 123885 11 123905 9 123919 20 124557 55 125229 55 125901 55 126573 56 127246 55 127918 55 128591 54 129264 53 129937 52 130609 53 131281 53 131952 54 132623 56 133294 57 133965 59 134636 61 135306 63 135976 66 136646 68 137317 69 137987 72 138659 72 139331 71 140003 71 140676 69 141348 69 142021 67 142693 66 143366 64 144038 64 144713 60 145388 57 146061 56 146734 55 147407 54 148080 53 148752 54 149425 53 150097 52 150770 50 151442 49 152115 47 152789 5 152801 32 153475 28 154149 7 154162 11 154822 3 154837 6 155531 1 156202 3 156874 4 157545 7 158214 10 158880 17 159550 19 160222 20 160893 22 161563 25 162234 26 162906 27 163577 28 164249 30 164921 31 165593 31 166265 32 166936 33 167608 33 168281 32 168953 33 169625 34 170298 34 170971 34 171645 33 172321 31 172995 31 173668 30 174342 28 175015 28 175690 25 176363 24 177036 22 177708 22 178380 22 179052 21 179724 22 180395 23 181067 23 181739 23 182412 23 183084 23 183756 24 184428 24 185101 24 185773 24 186445 25 187117 25 187789 27 188461 30 189133 31 189806 31 190478 31 191151 31 191824 32 192497 31 193169 32 193841 33 194514 33 195186 33 195859 33 196532 32 197205 32 197877 32 198550 31 199222 31 199895 30 200567 31 201241 30 201914 30 202588 28 203261 28 203934 27 204609 24 205282 24 205955 23 206629 21 207304 17 207977 16 208649 16 209322 14 209998 6
scene_d445718db0f45eb6,231499 1 232170 5 232841 7 233513 8 234185 10 234857 11 235529 12 236201 12 236873 12 237534 2 237545 12 238206 2 238217 12 238878 2 238890 11 239562 11 240235 10 240908 9 241581 8 242253 7 242926 6 243598 5 250975 5 251646 7 252317 8 252989 9 253660 11 254331 13 255003 13 255674 13 256346 13 257018 13 257690 12 258362 11 259034 11 259706 11 260379 9 261052 8 261724 8 262397 6 263071 1 278478 3 279150 5 279822 7 280493 9 281165 10 281837 11 282509 13 283181 14 283853 15 284525 15 285197 16 285869 16 286541 16 287213 17 287885 19 288557 20 289229 20 289901 21 290573 22 291245 23 291917 24 292590 23 293262 23 293936 21 294608 21 295281 20 295953 20 296625 20 297297 20 297969 20 298641 20 299313 20 299985 20 300657 21 301329 23 302001 25 302673 26 303345 27 304017 28 304689 28 305362 27 306034 26 306708 23 307380 19 308053 16 308725 14 309397 13 310070 11 310742 10 311415 8
scene_d44677a941a931e6,27594 6 28265 8 28937 10 29609 14 30280 17 30952 17 31624 18 32296 20 32968 21 33640 21 34313 21 34985 23 35657 23 36330 23 37002 23 37676 21 38349 20 39021 20 39694 20 40368 19 41041 19 41713 20 42386 20 43059 20 43732 21 44404 21 45077 20 45749 21 46421 21 47094 20 47766 20 48440 19 49113 18 49785 18 50458 18 51131 18 51804 19 52477 20 53150 20 53825 18 54500 16 55174 15 55848 13 56520 13 57193 12 57865 12 58537 13 59209 13 59881 13 60553 14 61226 13 61898 14 62570 15 63242 15 63915 16 64588 17 65260 19 65932 20 66605 20 67277 20 67949 20 68621 21 69293 21 69964 23 70636 23 71308 24 71979 26 72651 27 73322 29 73994 30 74665 32 75336 35 76007 37 76679 37 77350 38 78022 39 78694 39 79366 40 80038 40 80710 40 81383 39 82055 38 82727 38 83399 38 84071 37 84743 37 85414 38 86086 38 86526 7 86758 38 87197 10 87429 39 87869 11 88101 39 88540 12 88773 39 89211 13 89445 39 89882 14 90117 39 90554 14 90789 39 91226 14 91462 38 91898 14 92134 38 92570 14 92806 38 93242 14 93478 38 93914 14 94151 37 94586 14 94823 37 95258 14 95496 36 95930 15 96168 36 96602 15 96840 35 97275 14 97513 34 97947 14 98185 34 98619 14 98857 33 99291 15 99529 33 99964 15 100201 32 100636 16 100874 31 101308 16 101547 30 101980 16 102220 28 102652 17 102893 27 103325 16 103566 26 103997 16 104238 26 104669 16 104910 26 105341 17 105583 25 106013 17 106255 25 106685 17 106926 26 107357 18 107598 26 108029 19 108270 26 108701 19 108942 26 109373 19 109613 27 110045 19 110285 27 110717 19 110957 27 111389 19 111629 27 112061 20 112301 27 112733 20 112974 26 113405 20 113647 25 114077 20 114324 20 114749 20 114999 17 115420 21 115672 16 116090 24 116345 14 116762 24 117017 14 117433 26 117690 10 118105 27 118362 6 118775 29 119446 31 120118 31 120790 31 121461 32 122133 33 122805 33 123477 34 124149 35 124821 36 125493 36 126165 37 126838 38 127510 39 128183 39 128856 39 129529 39 130201 40 130874 39 131547 39 132220 40 132893 39 133565 40 134239 38 134913 36 135587 35 136261 33 136936 32 137610 30 138284 29 138958 27 139633 25 140307 23 140981 23 141655 21 142330 18 143004 16 143678 14 144352 12 145026 9 145700 5 211163 8 211833 12 212504 15 212529 7 213175 17 213198 11 213847 18 213869 12 214518 20 214540 13 215190 36 215862 37 216534 37 217206 36 217878 35 218550 35 219222 35 219894 35 220566 34 221238 34 221909 35 222580 37 223247 42 223918 43 224589 45 225261 46 225933 49 226130 10 226605 51 226801 14 227277 51 227473 15 227949 51 228145 16 228621 51 228817 19 229292 52 229489 20 229964 52 230161 20 230636 52 230834 20 231308 52 231506 21 231980 51 232178 22 232652 50 232851 22 233324 50 233526 19 233997 48 234200 17 234669 48 234873 16 235342 47 235546 15 236015 46 236219 14 236689 44 236892 13 237361 44 237565 12 238034 42 238237 12 238707 41 238909 13 239380 18 239404 15 239582 19 240052 17 240077 13 240254 22 240725 15 240750 10 240926 22 241398 13 241423 6 241598 23 242271 24 242944 24 243617 24 244290 25 244317 2 244964 29 245637 28 245678 2 246309 29 246349 4 246983 29 247019 7 247656 48 248329 49 249002 49 249675 49 250348 48 251021 47 251693 47 252365 46 253037 45 253710 43 254382 43 255056 40 255732 35 256405 34 257077 33 257751 29 258424 26 259097 24 259769 23 260443 20 261117 16 261790 15 262463 13 263137 10 263814 2 355042 2 355712 7 356383 9 357055 9 357727 10 358399 10 359071 10 359743 11 360415 11 361087 11 361760 10 362432 10 363105 9 363777 9 364449 9 365121 9 365794 9 366466 9 367138 9 367810 9 368482 9 369154 9 369827 8 370499 9 371171 9 371843 9 372516 8 373189 7 373862 5 374534 5 375207 2
scene_d487de9724778ba9,411 32 1083 32 1755 32 2426 34 3097 36 3768 38 4440 39 5113 39 5786 40 6458 42 7132 41 7806 40 8481 40 9157 38 9832 36 10507 34 11186 28 11861 26 12535 25 13210 22 13884 20 14557 20 15230 19 15904 17 16577 16 17250 15 17922 15 18597 8 212630 12 213300 19 213971 21 214643 21 215315 21 215987 21 216659 21 217332 20 218004 19 218677 17 218728 8 219349 16 219399 10 220022 16 220069 13 220695 15 220739 20 221352 10 221367 15 221410 22 222023 14 222039 15 222081 24 222694 33 222752 25 223366 35 223405 6 223423 26 224038 46 224094 27 224710 47 224765 28 225382 48 225436 29 226055 82 226727 82 227400 31 227432 48 228073 28 228107 44 228747 2 228781 37 229454 35 230127 33 230808 22 231482 16 232155 14 232828 12 233502 9
scene_d7322a19ad592471,11956 15 12625 19 13296 21 13967 23 14638 25 15310 25 15982 26 16654 26 17326 27 17999 27 18671 28 19344 28 20016 30 20688 31 21360 32 22032 32 22705 32 23377 32 24049 32 24720 33 25392 33 26064 32 26736 32 27408 31 28080 30 28752 30 29424 29 30096 29 30768 28 31440 27 32112 26 32784 25 33456 24 34128 24 34800 23 35472 21 36143 21 36815 20 37488 16 38161 11 38834 6 196559 13 197230 15 197901 17 198572 20 199244 24 199295 4 199915 28 199965 7 200586 30 200637 8 201258 31 201308 9 201930 34 201976 13 202601 37 202646 15 203273 39 203317 16 203945 40 203988 17 204617 60 204805 10 205289 60 205474 14 205961 60 206146 15 206633 59 206817 16 207306 56 207489 16 207978 54 208161 16 208650 54 208833 16 209323 51 209504 17 209996 49 210175 18 210668 49 210846 19 211341 47 211517 19 212014 46 212188 19 212688 43 212859 15 213361 42 213530 15 214033 41 214202 15 214705 41 214873 15 215377 40 215545 15 216050 39 216217 14 216722 39 216889 13 217394 38 217561 12 218066 37 218233 12 218738 36 218904 12 219409 36 219575 12 220081 36 220247 9 220742 1 220753 35 220918 5 221412 4 221424 36 221589 4 222083 5 222095 36 222261 3 222755 7 222765 37 222934 1 223427 47 224099 46 224772 45 225445 44 226118 43 226791 43 227463 43 228137 41 228810 40 229483 39 230156 37 230829 36 231502 35 232176 33 232849 31 233522 29 234205 17 234879 14 235552 12 236225 10 236898 6 237571 1 240217 3 240888 7 241559 9 242231 11 242902 14 243573 16 244243 20 244912 25 245583 28 246254 30 246926 32 247599 34 248271 36 248943 37 249614 39 250286 40 250958 42 251005 3 251630 52 252302 54 252974 55 253646 57 254318 58 254990 58 255662 59 256334 60 257006 61 257679 60 258351 61 259023 62 259696 63 260368 63 261041 64 261713 70 262386 70 263058 71 263730 71 264403 70 265076 69 265749 68 266422 66 267095 64 267767 63 268440 61 269113 59 269787 57 270463 52 271136 51 271809 50 272482 50 273154 50 273826 51 274497 53 275169 54 275841 55 276513 55 277185 55 277857 55 278529 54 279202 51 279882 39 280558 23 281232 19 281906 17 282579 16 283253 14 283925 14 284596 16 285267 17 285938 18 286610 18 287282 18 287955 17 288627 16 289301 14 289974 11 290648 8 291322 3
scene_d754e4190dfd7058,no-plume
scene_d9e9dc608d381da1,no-plume
scene_d9edc827958b9d39,174342 3 175012 8 175682 11 175709 3 176354 11 176381 3 177026 11 177697 13 178369 13 179041 14 179713 15 180385 17 181057 23 181717 6 181728 25 182389 9 182399 27 183060 42 183732 52 184404 52 185077 52 185750 51 186423 50 187097 48 187775 42 188450 39 189124 37 189796 37 190469 36 191141 36 191813 36 192486 35 193158 35 193832 33 194504 33 195177 32 195849 32 196522 31 197194 31 197867 30 198548 21 199222 19 199895 18 200568 17 201240 17 201913 17 202585 18 203257 19 203929 19 204601 19 205273 20 205945 20 206617 20 207290 19 207962 19 208634 19 209306 19 209979 18 210651 18 211323 18 211995 17 212666 17 213338 16 214010 15 214684 12 215356 10 216029 8 216702 6 217375 2
scene_da05bcead399e870,228806 13 229476 11 229488 4 230147 18 230817 13 230831 7 231487 24 232157 16 232174 10 232827 17 232845 12 233497 32 234167 20 234188 13 234838 35 235509 21 235531 14 236181 20 236202 15 236853 20 236874 15 237526 18 237545 16 238198 36 238870 17 238888 19 239543 37 240216 14 240231 22 240888 13 240902 23 241559 38 242229 15 242245 24 242899 42 243570 17 243588 25 244242 16 244259 26 244913 17 244931 26 245585 16 245602 27 246256 45 246928 16 246945 28 247600 45 248272 15 248288 28 248944 14 248959 29 249617 8 249628 32 250290 3 250300 1 250302 29 250963 1 250973 29 251645 29 252317 29 252990 28 253662 29 254335 28 255008 27 255682 26 256355 25 257028 24 257699 23 258370 22 259040 23 259710 23 260381 23 261052 18 261074 1 261723 18 262395 18 263066 18 263738 16 264409 16 264435 1 265081 15 265107 1 265753 13 265779 1 266425 11 266451 1 267098 8 267123 1 267771 6 268446 1
scene_da6e7079e5bbdc14,158274 2 158923 2 158943 8 159593 9 159614 10 160264 12 160285 12 160935 15 160955 15 161606 38 162278 40 162949 42 163621 43 164293 44 164965 45 165637 45 166309 45 166981 45 167653 45 168325 45 168997 45 169668 46 170339 47 170998 2 171010 47 171667 10 171680 50 172338 64 173010 64 173682 64 174354 64 175026 65 175698 65 176370 65 177043 64 177716 63 178389 61 179061 60 179735 57 180409 55 181083 52 181757 49 182431 47 183105 44 183778 43 184450 43 185121 44 185785 5 185792 44 186456 52 187127 54 187799 55 188470 58 189142 60 189814 61 190486 61 191158 62 191830 63 192502 63 193175 61 193848 58 194521 57 195194 55 195868 53 196542 51 197215 50 197888 49 198561 48 199233 48 199906 47 200578 47 201252 45 201929 40 202602 39 203275 38 203949 36 204623 34 205296 33 205968 33 206640 32 207313 31 207985 30 208657 30 209329 28 210001 26 210673 25 211345 24 212017 23 212689 21 213361 20 213506 9 214034 19 214177 12 214707 17 214849 12 215386 3 215521 13 216193 14 216865 14 217538 12 218211 10 218884 9 219558 6 383295 1 383965 6 384636 10 385307 13 385978 15 386648 18 387318 21 387988 25 388659 27 388689 9 389309 4 389330 42 389979 8 390001 46 390649 11 390673 48 391321 11 391345 48 391992 11 392017 49 392664 11 392689 50 393334 12 393361 52 394002 15 394034 51 394672 16 394706 51 395343 16 395379 50 396014 13 396051 50 396686 12 396725 48 397357 13 397400 45 398028 14 398074 43 398700 14 398746 43 399371 15 399391 5 399418 43 400042 16 400061 10 400082 1 400087 2 400090 42 400714 16 400732 13 400752 5 400758 46 401386 16 401404 72 402058 89 402730 88 403402 88 404074 87 404747 86 405420 85 406094 82 406768 80 407443 1 407454 65 408134 54 408810 43 409484 37 409523 1 410158 30 410839 21 411512 20 412185 18 412857 18 413530 17 414203 15 414876 14 415549 12 416222 10
scene_da8d635ea2a16577,6 2 678 2 1349 3 2019 7 2689 11 3361 11 4033 12 4705 12 5377 12 6049 13 6721 13 7393 12 8065 12 8737 12 9409 11 10083 8 154249 10 154920 12 155593 11 156265 11 156938 10 157611 9 158284 6 158958 2 164987 1 165659 1 166307 5 166331 1 166978 7 167003 1 167649 9 167675 1 167690 2 168321 9 168361 3 168993 9 169034 2 169665 9 169706 2 170337 9 171009 8 171681 8 172353 7 173026 6 173698 3 181107 2 181778 5 182449 6 183120 8 183791 9 184464 8 185137 6 185809 5 186482 3 203926 2 204593 11 205262 15 205934 15 206606 16 207277 19 207949 19 208621 20 209293 20 209965 21 210637 22 211310 22 211983 22 212657 23 213330 23 214003 22 214676 22 215349 22 216021 23 216694 23 217367 22 218040 21 218713 20 219385 20 220059 19 220732 21 221405 22 222078 22 222751 21 223424 20 224097 20 224770 19 225443 18 226117 16 226790 15 227463 13 228137 10 357335 6 358006 10 358678 11 359350 12 360022 13 360694 13 361366 14 362038 13 362711 12 363383 12 364056 10 364729 8 365403 5
scene_db200774e8093bbc,no-plume
scene_dba0464aeb298be2,78925 4 79594 9 80265 11 80935 14 81606 16 82276 19 82946 22 83616 24 84286 27 84957 28 85628 30 86300 30 86971 31 87642 31 88314 31 88986 30 89658 29 90330 27 91003 18 91677 13 92350 9 146887 5 146906 3 147558 6 147577 4 148230 7 148247 6 148901 10 148918 7 149573 13 149587 10 150244 25 150916 25 151587 26 152258 27 152929 27 153599 29 154269 31 154939 33 155610 33 156281 34 156951 35 157622 36 158294 36 158965 36 159636 37 160307 38 160978 39 161650 38 162321 39 162993 38 163664 39 164331 44 165001 45 165672 47 166342 59 167013 62 167684 64 168355 65 169026 66 169697 67 170369 66 171040 67 171712 67 172384 66 173056 66 173727 67 174399 68 175071 68 175743 69 176415 69 177086 70 177758 70 178430 70 179102 70 179775 68 180448 66 181121 65 181793 63 182466 60 183139 58 183812 56 184484 56 185156 54 185827 55 186498 55 187170 54 187840 55 188506 59 189175 61 189846 61 190516 62 191184 65 191853 68 192524 68 193195 68 193865 69 194536 70 195207 70 195878 71 196550 71 197221 72 197893 72 198566 70 199238 70 199910 70 200582 69 201255 68 201928 67 202600 66 203273 65 203945 65 204617 65 205289 65 205961 62 206632 61 207304 59 207975 59 208647 58 209318 58 209990 56 210662 55 211334 54 212006 53 212678 52 213350 51 214022 51 214696 48 215369 46 216041 45 216714 43 217389 39 218065 33 218738 31 219411 29 220083 28 220756 25 221428 24 222100 24 222772 22 223444 22 224116 21 224788 21 225461 19 226134 16 226807 13 227483 3
scene_dbc0ef3a6dcfbe71,132423 8 133093 11 133763 14 134431 19 135102 21 135774 21 136445 21 137117 21 137789 20 138460 21 139132 21 139803 21 140474 22 141146 22 141817 25 142488 27 143160 28 143831 30 144502 32 145174 33 145845 34 146517 35 147189 35 147861 35 148533 35 149205 35 149877 34 150549 33 151221 33 151893 32 152566 30 153239 28 153912 26 154585 24 155257 24 155929 24 156601 24 157273 24 157945 24 158617 24 159289 24 159961 24 160633 24 161306 23 161978 23 162650 23 163323 22 163996 21 164669 20 165341 21 166013 21 166685 23 167357 23 168029 24 168702 23 169374 24 170047 23 170720 22 171392 22 172065 21 172737 21 173410 19 174083 17 174758 12 175432 9 176105 7 176778 6 177450 5 179466 6 180138 7 180809 9 181481 10 182152 11 182824 12 183496 12 184168 12 184840 12 185466 3 185513 11 186138 5 186185 11 186809 8 186858 9 187481 8 187532 4 188153 8 188825 8 189497 8 190169 8 190840 9 191512 9 192184 9 192855 10 193527 10 194199 10 194871 10 195543 10 196215 10 196887 10 197560 9 198232 9 198905 8 199577 8 200250 4 200922 2 201952 11 202622 14 203293 16 203964 18 204634 20 205305 22 205976 24 206647 24 207318 24 207989 23 208660 19 208982 2 209332 17 209654 4 210003 18 210326 6 210675 17 210998 7 211346 18 211670 8 212018 18 212342 11 212690 19 213014 11 213362 19 213686 11 214034 19 214358 11 214705 21 215030 11 215377 22 215702 11 216049 23 216374 11 216721 24 217046 11 217392 25 217718 11 218062 27 218390 11 218733 28 219062 11 219405 28 219734 11 220077 27 220406 11 220749 25 221078 11 221421 24 221750 11 222093 24 222422 11 222765 22 223094 11 223437 21 223767 10 224109 20 224439 10 224782 18 225111 10 225455 16 225784 9 226131 9 226457 8 226805 4 227129 8 227802 7 228475 6 263834 2 264502 9 265173 11 265845 11 266516 13 267188 13 267860 13 268533 12 269205 12 269877 12 270550 10 271224 6
scene_dd13782b1b1c2027,194485 8 195154 14 195823 18 196493 21 197163 27 197834 33 198504 36 199175 38 199844 41 200514 43 201184 45 201854 47 202525 48 203197 48 203869 48 204540 49 205212 49 205883 50 206555 51 207227 52 207898 54 208570 54 209242 55 209914 56 210586 56 211258 57 211931 59 212603 64 213275 65 213947 66 214620 67 215292 70 215964 72 216637 72 217309 74 217982 76 218654 78 219327 78 220000 79 220673 80 221346 81 222019 82 222692 81 223365 81 224038 80 224711 79 225383 79 226056 78 226729 77 227402 76 228075 74 228748 73 229421 71 230094 69 230768 66 231441 64 232114 61 232786 60 233459 57 234132 13 234155 31 234806 8 234830 26 235482 2 235503 24 236178 21 236852 18 237526 15 238198 15 238870 15 239542 15 240213 16 240885 16 241557 16 242229 16 242901 16 243573 15 244246 10 244919 5
scene_ddbc4f51cf050dff,182377 6 183047 10 183718 12 184390 13 185062 15 185734 20 186405 23 187078 23 187750 25 188422 33 189094 35 189767 34 190441 33 191115 33 191789 31 192462 31 193136 30 193811 28 194485 27 195158 27 195833 25 196508 24 197181 24 197853 25 198525 26 199198 29 199871 30 200543 30 201217 30 201891 29 202564 29 203237 28 203910 28 204583 28 205256 28 205929 28 206602 28 207275 32 207948 32 208621 32 209294 32 209971 28 210644 28 211317 28 211990 27 212665 25 213338 25 214011 25 214684 24 215357 24 216029 24 216702 23 217375 22 218048 21 218721 20 219394 20 220066 20 220740 19 221413 18 222085 19 222758 19 223432 20 224105 21 224778 20 225451 19 226129 13 226803 11 227477 9 228151 5
scene_ddc7c7f1fc4a2266,no-plume
scene_de72b6fc72ed1d7b,no-plume
scene_dedd2e205abd1938,218075 16 218745 19 219417 19 220088 20 220755 24 221426 25 222097 25 222769 25 223441 24 224113 24 224785 24 225457 24 226129 24 226801 24 227474 22 228147 20 228824 12 229497 9 230170 7 230846 1
scene_df823796be8e34fa,1728 4 2397 11 3067 18 3089 9 3738 34 4409 36 5081 36 5751 38 6422 40 7093 41 7764 42 8434 44 9105 44 9776 45 10447 45 11117 47 11788 46 12459 45 13129 44 13797 46 14466 47 15138 46 15809 45 16481 42 17152 41 17824 40 18496 37 19168 33 19840 29 20513 26 21186 24 21861 20 22535 18 23208 16 23883 13 24557 11 25230 9 25903 7 26578 2 216094 3 216765 5 217436 7 218086 29 218757 31 219428 32 220099 32 220763 39 221434 39 222105 40 222776 40 223442 44 224113 44 224785 44 225457 43 226129 41 226801 40 227473 39 228147 36 228824 22 229497 20 230170 18 230843 15
scene_e08424e701bdd2d0,no-plume
scene_e34e9a8f88c05cb8,no-plume
scene_e35b71a8d7aa749b,207314 5 207335 14 207984 8 208006 17 208655 10 208678 18 209326 12 209350 17 209998 13 210021 18 210669 15 210693 18 211341 16 211365 18 212014 16 212037 18 212686 20 212708 20 213358 42 214031 41 214704 41 215377 40 216050 37 216722 37 217396 36 218070 34 218744 33 219416 35 220089 33 220761 32 221433 32 222105 32 222777 32 223449 32 224121 32 224793 31 225466 30 226138 28 226810 27 227483 26 228157 24 228833 19 229508 16 230181 14 230854 10
scene_e4368890dc486ea4,482 2 1154 2 1823 7 2493 27 3163 33 3833 38 4504 40 5175 41 5846 42 6518 42 7189 43 7861 43 8532 44 9203 45 9874 46 10545 47 11215 49 11878 58 12549 59 13220 60 13892 60 14564 61 15236 61 15909 60 16581 59 17254 58 17927 57 18601 54 19274 53 19948 50 20622 48 21295 47 21968 45 22641 44 23313 44 23985 44 24656 45 25322 4 25327 46 25993 53 26663 56 27335 58 28006 60 28678 60 29350 61 30023 61 30695 61 31367 61 32040 59 32714 57 33387 55 34060 54 34733 53 35407 51 36079 50 36752 49 37425 48 38098 47 38770 47 39443 46 40117 44 40792 41 41465 40 42138 39 42811 38 43484 36 44157 35 44829 35 45501 35 46173 34 46845 33 47517 32 48189 31 48861 30 49533 29 50206 27 50878 26 51551 23 52224 21 52897 19 53570 17 53717 3 54244 12 54388 5 54918 7 55059 8 55594 1 55731 8 56405 5 57078 2 220767 5 220814 2 221437 9 221483 8 222108 11 222154 10 222779 13 222825 12 223450 15 223496 15 224122 17 224168 17 224793 19 224839 18 225463 24 225509 21 226134 29 226178 27 226209 8 226804 33 226849 43 227476 33 227520 45 228148 34 228192 46 228820 34 228862 50 229492 35 229533 53 230165 34 230205 54 230838 32 230878 54 231512 30 231550 56 232185 28 232223 57 232857 27 232896 57 233529 27 233568 56 234202 25 234241 55 234874 25 234914 53 235545 26 235588 50 236217 26 236263 47 236889 25 236937 44 237561 25 237609 44 238233 27 238263 1 238281 44 238904 33 238944 2 238950 2 238953 43 239575 45 239621 47 240247 93 240918 93 241590 92 242263 90 242935 90 243607 90 244281 88 244954 86 245626 86 246299 84 246974 79 247649 68 248323 15 248340 44 248386 1 248996 11 249014 37 249671 5 249689 34 250376 19 251048 18 251721 17 252393 17 253065 16 253737 16 254410 14 255083 13
scene_e5210418d5b416c8,228810 8 229481 11 230152 12 230823 15 231491 29 232162 36 232833 39 233505 39 234177 39 234849 40 235521 40 236193 39 236865 39 237536 40 238208 39 238879 39 239550 39 240221 40 240892 41 241564 40 242234 40 242905 40 243577 40 244249 39 244920 21 244945 14 245592 18 245620 10 246265 16 246293 8 246940 11 246967 4
scene_e61109c4253375fc,no-plume
scene_e623f503df6ed20d,no-plume
scene_e65f443615b8c337,134806 10 135475 15 136145 18 136814 22 137482 40 138151 45 138822 46 139493 48 140164 49 140835 51 141506 52 142178 54 142849 57 143520 59 144192 60 144864 61 145536 61 146208 62 146880 62 147552 63 148225 63 148897 63 149569 63 150242 61 150914 60 151586 59 152258 59 152931 57 153603 55 154276 53 154948 53 155621 52 156293 52 156965 52 157637 52 158310 51 158983 50 159656 49 160328 49 161000 50 161673 49 162345 49 163017 50 163689 50 164361 50 165033 51 165705 51 166377 51 167049 50 167721 50 168392 51 169063 51 169734 52 170405 52 171076 53 171747 53 172416 56 173086 57 173757 58 174429 58 175100 59 175771 60 176442 60 177114 60 177785 60 178457 60 179129 59 179801 58 180473 56 181144 56 181816 55 182487 37 182531 9 183158 36 183829 36 184501 35 185173 33 185845 32 186516 32 187188 31 187859 30 188530 30 189201 30 189873 29 190545 28 191217 27 191889 26 192561 25 193233 22 193904 14 194575 14 195246 14 195917 15 196587 18 197258 19 197929 20 198601 20 199273 20 199944 21 200616 21 201288 20 201960 19 202633 17 203305 16 203979 12
scene_e6687a929bbe04c3,235537 2 236206 6 236877 7 237549 8 238220 9 238891 10 239562 11 240233 12 240905 12 241577 11 242248 11 242919 11 243590 11 244262 11 244934 11 245605 12 246277 12 246949 12 247620 13 248290 15 248962 15 249632 17 250300 21 250970 23 251641 24 252313 24 252985 23 253657 23 253906 3 254328 24 254577 6 254999 23 255248 8 255670 24 255918 11 256341 24 256590 11 257013 24 257261 13 257684 25 257933 14 258355 26 258604 16 259026 27 259276 16 259697 28 259947 18 260369 28 260619 18 261041 28 261291 18 261713 28 261963 18 262385 27 262635 19 263057 27 263308 18 263729 26 263980 18 264401 25 264652 19 265073 24 265325 18 265745 23 265996 19 266417 19 266668 19 267089 17 267340 19 267761 16 268012 19 268432 16 268683 21 269104 15 269354 23 269774 16 270025 25 270446 15 270696 27 271119 14 271358 2 271367 29 271791 14 272029 41 272464 12 272700 43 273137 11 273371 45 273812 6 274043 45 274714 47 275386 47 276058 47 276730 48 277402 48 278074 49 278746 50 279419 49 280091 49 280764 49 281436 49 282109 49 282781 50 283453 51 284125 52 284797 52 285469 53 286141 53 286814 28 286851 14 287486 27 287526 10 288158 26 288831 25 289504 24 290176 24 290849 23 291521 23 292193 23 292866 23 293538 23 294210 24 294883 24 295556 24 296230 22 296904 21 297577 20 298251 18 298925 16 299599 14 300272 13 300946 11 301622 6 304319 6 304358 2 304970 1 304990 9 305028 4 305641 3 305662 10 305699 5 306313 3 306335 9 306371 5 306984 4 307007 10 307042 6 307656 4 307679 10 307713 7 308329 3 308352 10 308385 8 309025 8 309055 10 309697 8 309726 11 310370 7 310396 13 311043 6 311067 15 311718 2 311737 17 312408 18 313079 19 313750 21 314421 22 315091 24 315753 34 316424 36 317094 38 317765 1 317767 37 318435 41 319105 4 319110 38 319774 6 319781 39 320442 10 320453 39 321111 12 321124 40 321782 13 321796 40 322455 11 322467 40 323127 52 323799 10 323810 41 324471 52 325143 9 325153 41 325815 51 326487 8 326496 42 327159 7 327167 42 327831 7 327839 42 328503 50 329175 6 329182 42 329847 5 329853 43 330519 5 330525 43 331191 4 331196 44 331863 49 332535 3 332539 45 333207 50 333879 2 333882 47 334551 50 335225 48 335896 49 336568 48 337240 48 337912 48 338583 48 339255 48 339927 47 340599 47 341270 47 341942 46 342613 47 343285 46 343957 45 344628 45 345300 44 345972 44 346644 44 347316 26 347344 16 347989 24 348016 15 348661 22 348688 15 349333 21 349361 14 350005 21 350033 14 350677 20 350705 14 351349 20 351377 14 352022 19 352049 14 352694 18 352721 14 353366 18 353393 13 354039 17 354066 12 354711 17 354738 11 355383 16 355411 10 356055 16 356083 9 356727 16 356756 8 357400 15 357429 6 358072 15 358102 3 358744 15 359417 14 360090 13 360763 11 361436 10 362109 8 362782 6 364150 2
scene_e69865184cfe7620,60297 3 60968 6 61639 9 62311 11 62982 14 63654 14 64326 15 64998 16 65669 17 66341 18 67013 19 67685 21 68357 22 69029 23 69701 23 70373 23 71046 23 71718 23 72391 22 73064 21 73737 20 74409 20 75081 20 75753 20 76425 20 77097 20 77769 21 78441 21 79113 22 79785 23 80458 22 81130 23 81802 24 82474 24 83147 24 83819 25 84492 24 85164 24 85837 22 86509 18 87181 17 87854 15 88526 13 89199 11 89873 8 90546 5 232842 2 233513 3 234183 6 234854 7 235525 8 236197 8 236869 8 237541 8 238213 8 238884 9 239554 11 240225 12 240897 12 241568 12 242239 11 242910 11 243581 12 244253 12 244925 12 245597 12 245674 6 246269 12 246345 7 246941 12 247017 7 247612 13 247687 10 248284 13 248358 11 248956 13 249030 11 249628 13 249702 11 250301 12 250374 11 250973 12 251046 11 251645 13 251719 9 252317 14 252392 7 252989 15 253066 2 253661 16 254333 16 255005 16 255677 16 256349 16 257021 16 257694 15 258366 15 259039 13 259712 12 260386 8
scene_e751547b6bdbe0a3,240914 7 241584 11 242255 15 242926 18 243597 20 244268 1 244272 17 244945 17 245617 18 246288 20 246954 1 246959 21 247606 8 247625 28 248277 10 248289 1 248296 29 248949 12 248968 30 249621 13 249639 31 250291 15 250310 33 250962 16 250982 34 251634 17 251653 35 252306 18 252325 36 252978 55 253650 56 254322 56 254994 57 255667 57 256339 58 257012 13 257027 43 257684 13 257699 44 258356 13 258370 46 259029 60 259701 60 260373 60 261045 61 261718 60 262390 60 263064 57 263737 56 264410 55 265083 53 265757 50 266431 47 267104 45 267777 44 268449 43 269122 41 269794 41 269853 4 270467 40 270523 8 271139 40 271194 10 271811 41 271864 12 272483 32 272517 8 272533 16 273155 32 273190 9 273203 18 273827 31 273863 29 274499 31 274535 29 275172 30 275207 29 275844 31 275879 28 276517 30 276551 27 277190 31 277222 27 277862 58 278535 56 279209 53 279882 52 280555 51 281228 50 281901 49 282573 50 283246 58 283919 58 284592 57 285264 57 285937 57 286610 40 286652 14 287282 39 287324 14 287955 37 287997 13 288629 34 288669 12 289301 34 289342 11 289974 34 290014 11 290647 33 290687 10 291319 33 291360 9 291992 33 292032 9 292663 34 292705 8 293335 35 293377 8 294007 35 294050 7 294679 35 294722 7 295351 36 295396 4 296023 37 296695 38 297367 39 298040 39 298713 39 299385 39 300059 37 300733 35 301407 33 302085 28 302758 7 302771 14 303444 12 304116 12 304789 11 305461 10 306133 9 306805 8 307478 6 308151 1
scene_e80f9da4a32e7454,no-plume
scene_e89c6e7a8211634d,224098 2 224769 4 225439 7 226110 10 226781 12 227453 12 228125 13 228797 13 229469 15 230140 16 230812 17 231484 17 232156 18 232828 19 233500 21 234172 23 234845 23 235517 24 236189 24 236861 24 237533 24 238205 24 238877 24 239549 24 240221 25 240893 25 241565 25 242236 27 242907 28 243578 29 244248 32 244918 34 245589 35 246261 35 246932 36 247602 38 248273 39 248944 40 249615 41 250286 42 250956 43 251628 43 252299 43 252970 44 253641 45 254313 45 254985 45 255656 46 256328 46 256999 47 257670 48 258342 49 259013 51 259685 54 260357 58 261029 60 261701 61 262373 62 263045 63 263717 64 264389 65 265061 66 265733 67 266405 68 267076 69 267748 70 268420 70 269092 71 269764 71 270436 72 271108 72 271780 72 272452 72 273124 72 273796 71 274468 71 275140 43 275195 16 275811 42 275872 10 276482 43 276545 9 277154 39 277219 6 277825 36 277893 3 278497 35 279168 35 279839 36 280510 36 281182 36 281855 35 282527 34 283200 33 283872 32 284545 30 285217 29 285890 28 286562 27 287236 25 287909 24 288581 23 289254 22 289927 21 290601 18 291274 16 291947 14 292621 11 293297 6
scene_e8b17cfe746908c9,216754 3 217426 5 218074 9 218097 7 218743 13 218769 8 219414 15 219440 9 220086 15 220111 10 220757 17 220782 11 221429 18 221453 12 222101 20 222124 13 222773 35 223445 9 223457 23 224117 8 224132 20 224790 6 224804 20 225477 19 226149 19 226821 19 227493 19 228165 19 228837 20 229509 20 230181 20 230853 19 231525 19 232197 19 232869 18 233542 15 234216 9 234890 5
scene_e9c6b159c1d22b88,234072 6 234741 11 235412 12 236084 13 236756 14 237427 16 237473 7 238100 16 238144 10 238775 13 238815 12 239448 13 239486 14 240107 5 240121 12 240158 15 240778 7 240793 13 240830 15 241448 9 241466 13 241501 16 241581 4 242119 10 242138 13 242173 16 242249 11 242790 11 242811 13 242845 16 242919 13 243461 12 243483 14 243516 17 243590 15 244133 13 244155 14 244188 17 244261 16 244296 6 244805 14 244826 15 244847 5 244859 18 244932 17 244962 21 245477 14 245498 16 245516 11 245528 21 245603 19 245632 25 246149 15 246170 16 246187 34 246273 21 246302 27 246821 16 246841 52 246944 25 246972 30 247493 72 247613 66 248166 33 248200 38 248283 69 248838 33 248872 38 248954 71 249511 72 249597 5 249625 73 250184 72 250264 13 250296 75 250857 73 250932 18 250967 77 251530 93 251638 79 252203 94 252309 80 252876 95 252980 81 253549 96 253650 83 254222 141 254364 42 254894 139 255040 39 255566 137 255715 38 256238 136 256390 37 256910 138 257062 39 257582 138 257733 41 258254 137 258403 45 258926 136 259074 46 259598 136 259745 48 260269 139 260417 48 260941 139 261089 48 261613 138 261762 47 262285 137 262436 44 262957 137 263109 42 263629 148 263779 43 264301 192 264973 192 265645 191 266317 111 266432 74 266990 109 267104 73 267662 111 267776 72 268334 185 269007 183 269680 181 270353 179 271027 177 271700 175 272373 173 273046 171 273719 170 274391 170 275064 169 275737 169 276410 168 277083 167 277756 167 278430 165 279103 164 279777 163 280450 162 281123 161 281797 12 281811 146 282486 2 282493 136 283168 133 283840 134 284512 135 285183 138 285855 139 286527 139 287199 138 287871 10 287895 114 288544 6 288568 113 289217 4 289240 112 289913 108 290585 105 291258 104 291931 102 292605 100 293280 97 293954 95 294627 13 294643 78 295301 9 295318 75 295974 7 296013 51 296647 6 296686 50 297321 3 297359 49 298033 46 298707 43 299381 40 300055 38 300728 37 301400 36 302073 35 302745 35 303418 21 303444 8 304091 14 304116 8 304764 9 304789 6 305438 5 305462 4 306134 2
scene_e9fb557bc43e36ff,207983 3 217402 2 218071 15 218742 18 219413 20 220085 21 220756 27 221427 29 222098 31 222770 31 223442 31 224113 32 224785 32 225458 30 226131 27 226804 14 226825 3 227477 11 227498 1 228154 2
scene_ea9f4b0bf33beb55,228778 10 228795 5 229450 23 230121 25 230793 27 231465 31 232137 32 232810 32 233481 35 234153 38 234825 40 235497 40 236169 42 236841 60 237513 61 238186 61 238857 62 239530 62 240202 62 240874 62 241548 59 242219 59 242889 61 243561 60 244233 60 244904 61 245575 62 246246 63 246918 63 247590 63 248261 64 248933 64 249605 64 250277 64 250949 64 251608 3 251621 64 252279 6 252292 65 252950 79 253622 79 254293 80 254965 80 255637 80 256308 81 256980 81 257652 81 258324 81 258996 81 259668 81 260341 80 261014 79 261686 8 261699 66 262359 5 262373 64 263048 60 263726 2 263734 46 264408 43 265080 42 265753 41 266425 40 267098 39 267770 39 268444 36 269119 32 269792 30 270465 28 271138 26 271812 20 272485 18 273158 16 273831 13 274507 7
scene_eb84ade129d9396b,no-plume
scene_ebd6ddbab5e6c3d5,no-plume
scene_ec4a04f2a4055192,169547 5 170219 8 170891 9 171563 11 172235 13 172907 18 173579 23 174251 26 174923 27 175596 28 176268 29 176940 30 177612 33 178284 35 178957 38 179629 41 180302 42 180974 43 181647 43 182319 44 182992 45 183665 45 183742 4 184337 46 184412 7 185010 47 185083 8 185683 48 185754 9 186355 50 186425 10 187028 55 187096 11 187701 57 187768 11 188374 59 188439 11 189046 76 189720 75 190393 77 191067 79 191741 79 192414 79 193089 76 193763 75 194437 74 195110 73 195785 72 196459 71 197134 70 197810 68 198499 52 199176 48 199851 45 200524 45 200586 3 201198 7 201211 30 201256 7 201885 29 201925 11 202560 27 202595 14 203234 4 203239 42 203913 41 204586 40 205259 39 205931 40 206602 41 207274 42 207946 42 208618 43 209289 47 209961 50 210632 56 211304 59 211976 62 212648 68 212733 5 213320 94 213992 95 214664 97 215336 99 216008 100 216680 101 217352 101 218024 103 218697 103 219369 104 220041 106 220713 108 221385 110 222058 111 222730 113 223402 117 224074 119 224747 119 225419 120 226093 119 226766 119 227447 110 228120 110 228793 110 229467 108 230139 109 230812 109 231484 109 232157 109 232830 108 233503 108 234190 93 234864 91 235537 91 236165 5 236210 89 236836 11 236848 4 236884 87 237508 18 237557 86 238180 19 238230 85 238852 20 238903 84 239524 20 239578 81 240196 21 240252 79 240869 20 240925 78 241542 20 241600 75 242215 20 242275 72 242847 4 242891 17 242949 71 243516 15 243564 17 243622 70 244186 20 244236 18 244295 69 244858 25 244908 19 244968 68 245529 34 245581 19 245641 68 246200 40 246252 20 246314 67 246871 74 246987 66 247543 74 247660 65 248215 74 248332 65 248887 74 249005 63 249559 73 249678 61 250231 73 250351 59 250903 72 251024 57 251575 72 251697 55 252247 71 252370 53 252919 70 253044 49 253591 69 253717 47 254262 69 254390 45 254934 69 255063 43 255606 69 255737 40 256278 69 256411 37 256710 5 256950 69 257084 36 257382 6 257621 71 257755 37 258053 8 258250 1 258292 73 258427 37 258724 10 258920 4 258963 74 259099 37 259396 10 259591 6 259634 76 259771 37 260068 10 260262 8 260304 78 260442 38 260739 12 260934 10 260956 99 261113 40 261409 14 261606 11 261624 103 261784 42 262081 14 262277 122 262456 43 262753 14 262948 123 263127 34 263168 4 263425 14 263611 2 263617 126 263799 32 263841 4 264097 14 264279 136 264471 31 264513 5 264769 14 264950 137 265143 30 265186 3 265441 14 265621 138 265815 29 266115 12 266292 139 266488 28 266787 12 266964 67 267035 67 267160 27 267459 12 267635 66 267709 65 267833 26 268132 11 268307 52 268382 63 268506 24 268804 10 268979 51 269056 60 269179 23 269476 10 269650 51 269730 56 269852 22 270148 9 270322 51 270411 22 270437 19 270524 21 270821 7 270994 50 271084 18 271112 15 271197 20 271494 5 271666 50 271757 16 271786 13 271870 19 272166 4 272338 50 272430 13 272460 10 272542 19 272839 1 272913 5 273010 50 273104 10 273132 9 273215 18 273584 8 273682 50 273805 8 273888 17 274255 10 274355 50 274477 7 274560 18 274927 12 275027 50 275150 5 275233 17 275599 13 275699 50 275906 15 276270 14 276371 50 276579 14 276942 15 277006 2 277044 49 277253 11 277614 16 277677 6 277716 49 278285 17 278347 8 278388 49 278957 17 279019 9 279059 50 279628 18 279690 10 279731 50 280299 19 280362 10 280403 49 280970 20 281034 10 281074 50 281641 22 281706 9 281745 50 282313 22 282378 7 282415 51 282984 23 283050 6 283084 53 283656 24 283721 5 283753 55 284329 23 284393 4 284423 56 285002 22 285065 3 285094 56 285674 23 285736 4 285766 56 286347 22 286407 6 286437 56 287020 22 287079 7 287107 58 287693 22 287751 8 287777 60 288365 23 288423 8 288447 62 289038 22 289094 10 289119 34 289157 24 289710 23 289766 10 289790 34 289831 23 290382 23 290438 11 290462 33 290504 22 291054 24 291110 11 291134 32 291177 21 291727 24 291782 12 291806 32 291849 22 292398 26 292453 14 292480 30 292521 23 293070 26 293125 15 293159 23 293193 25 293742 27 293797 16 293835 19 293865 27 294413 29 294468 18 294509 18 294537 27 295085 29 295140 20 295183 16 295208 28 295756 32 295811 23 295856 15 295880 28 296426 38 296482 24 296529 15 296550 30 297098 44 297153 26 297202 50 297769 49 297824 28 297874 50 298440 85 298547 48 299112 86 299219 44 299783 87 299892 41 300455 88 300565 39 301127 89 301237 39 301799 90 301910 38 302472 90 302583 38 303145 90 303256 39 303818 90 303930 38 304491 91 304603 38 305166 90 305276 38 305841 88 305948 38 306515 88 306620 39 307188 90 307291 40 307862 92 307956 47 308535 139 309208 137 309881 136 310554 134 311226 134 311899 132 312571 131 313244 130 313917 26 313950 97 314590 23 314627 92 315262 21 315311 81 315936 17 315985 80 316610 12 316658 81 317286 2 317331 81 318004 80 318677 80 319350 39 319396 33 320026 32 320071 30 320701 27 320745 27 321376 23 321419 25 322050 11 322092 23 322766 19 323439 17 324113 13 324789 7
scene_ec50f71e89d3cf7c,227446 5 228118 6 228790 6 229462 6 230134 6 230806 6 231478 5 232150 4 232823 1 239545 2 240214 7 240886 8 241557 11 242229 12 242901 13 243573 14 244245 16 244917 18 245589 19 246261 20 246933 20 247604 21 248276 22 248948 23 249620 23 250266 10 250292 24 250937 14 250964 25 251609 15 251636 25 252280 17 252308 25 252950 19 252980 25 253622 20 253652 25 254293 22 254323 25 254966 23 254993 27 255638 54 256310 54 256982 53 257655 52 258328 50 259000 50 259673 48 260345 48 261017 48 261690 47 262362 47 263036 45 263709 44 264382 43 265055 41 265728 39 266401 37 267073 36 267746 35 268418 35 269090 34 269762 34 270434 33 271105 33 271776 33 272447 34 273118 34 273788 35 274458 35 275129 35 275800 35 276471 34 277142 32 277813 31 278485 31 279156 29 279828 25 280499 24 281170 24 281842 22 282514 16 283186 14 283859 12 284533 7
scene_ec9b1759d4124629,179098 1 179767 6 179779 5 180438 8 180448 12 181109 26 181781 27 182452 30 183123 33 183793 37 184464 39 185135 41 185806 43 186477 46 187149 47 187822 46 188495 46 189168 46 189841 45 190514 44 191187 44 191860 43 192533 42 193206 40 193879 38 194552 37 195225 35 195897 35 196569 33 197241 32 197913 32 198585 31 199257 29 199929 28 200601 28 201272 28 201943 29 202614 30 203286 29 203957 31 204629 31 205301 31 205973 31 206645 30 207317 29 207990 28 208662 27 209335 26 210007 25 210680 22 211352 22 212023 21 212695 19 213366 19 214038 19 214710 19 215381 19 216053 18 216725 18 217397 17 218069 16 218741 16 219413 16 220085 15 220757 13 221429 12 222101 12 222774 10 223446 7 224119 5 224794 1
scene_ee4881564bb5bed9,144221 5 144891 8 145562 10 146234 10 146905 11 147576 12 148247 13 148918 14 149590 14 150261 15 150932 16 151602 18 152273 19 152944 20 153614 22 154284 24 154955 26 155624 31 156291 38 156961 41 157633 42 158304 43 158973 46 159642 49 160313 49 160984 49 161651 47 162322 46 162993 46 163664 46 164336 45 165007 45 165678 46 166350 46 167022 45 167694 44 168366 44 169038 44 169710 44 170382 45 171054 45 171725 46 172397 47 173069 47 173741 47 174413 47 175085 47 175757 47 176430 47 177102 47 177775 46 178448 45 179120 45 179791 46 180462 47 181134 48 181805 48 182476 49 183147 49 183818 48 184490 46 185161 46 185833 46 186505 45 187177 45 187848 46 188518 48 189189 49 189860 51 190530 53 191199 57 191869 59 192539 61 193210 63 193881 64 194552 65 195224 65 195896 64 196569 62 197241 61 197913 60 198586 57 199259 54 199932 53 200604 52 201275 52 201946 51 202617 52 203289 51 203960 51 204626 56 205295 58 205967 58 206638 58 207310 58 207982 57 208653 57 209325 56 209997 56 210669 55 211341 54 212012 53 212682 52 213353 52 214024 53 214696 52 215367 52 216038 52 216710 52 217383 50 218056 49 218729 48 219402 47 220075 45 220748 42 221421 40 222094 38 222767 36 223440 34 224113 32 224785 31 225458 29 226132 24 226805 21 227477 20 228151 17 228825 13 229498 11 230171 9 230846 5
scene_ee4f5440d105a670,no-plume
scene_ef2b7f2aa4340e0c,376 12 1048 12 1719 14 2388 20 3058 24 3729 28 4400 31 5072 33 5744 35 6416 37 7088 38 7760 38 8432 38 9104 39 9776 39 10448 38 11120 38 11792 38 12464 38 13136 37 13807 38 14479 38 15151 38 15823 38 16495 38 17166 39 17838 39 18510 38 19182 36 19854 32 20525 33 21197 32 21869 31 22541 30 23213 29 23885 26 24557 23 25229 21 25901 19 26574 17 27247 14 27922 6 180278 6 180945 14 181615 17 182286 19 182957 22 183628 24 184299 26 184970 28 185642 33 185694 8 186314 35 186365 11 186985 36 187036 12 187657 37 187707 14 188329 64 189001 64 189673 64 190345 64 191017 63 191205 12 191689 63 191874 18 192361 62 192546 18 193033 60 193218 18 193706 56 193890 18 194378 55 194562 19 195050 55 195234 18 195722 54 195905 18 196395 52 196575 19 197068 50 197246 19 197740 49 197917 19 198413 48 198589 18 199086 47 199260 15 199760 45 199931 15 200432 45 200602 15 201104 45 201274 15 201777 43 201946 15 202449 43 202617 16 203111 4 203121 42 203289 15 203782 7 203792 42 203960 16 204453 9 204463 42 204627 19 205123 54 205298 19 205794 55 205969 19 206466 54 206641 18 207137 54 207313 15 207809 53 207985 14 208481 52 208657 13 209153 52 209329 13 209825 52 210000 14 210497 52 210672 13 211170 51 211344 13 211842 51 212016 13 212515 50 212687 14 213188 50 213359 14 213861 49 214031 14 214534 48 214703 13 215208 45 215375 12 215881 44 216047 11 216554 43 216719 10 217228 40 217391 9 217902 38 218064 7 218575 36 218737 4 219248 34 219410 2 219922 31 220082 2 220597 28 220754 2 221273 23 221950 16 222624 13 223297 10 223970 7 224600 5 224643 5 225271 8 225942 11 226613 14 227285 15 227956 17 228626 21 229296 25 229967 27 230639 29 231311 31 231983 33 232655 35 233327 37 233999 38 234671 40 235343 41 236015 42 236687 44 237359 54 238031 56 238703 57 239375 58 240047 59 240719 60 241391 61 242063 62 242735 63 243407 64 244080 63 244752 64 245425 65 246097 67 246769 68 247442 70 248114 73 248786 74 249459 73 250131 73 250804 72 251477 71 252150 69 252822 68 253495 65 254168 63 254841 61 255515 58 256192 53 256866 51 257539 50 258212 49 258884 49 259556 50 260228 51 260900 52 261572 55 262244 55 262916 54 263588 25 263617 24 264261 20 264295 18 264939 12 264973 9
scene_f117a92a1e83a901,142314 1 142983 7 143654 10 144325 12 144996 13 145667 15 146338 16 147009 18 147680 18 148350 20 149021 21 149692 22 150363 23 151033 25 151704 26 152375 28 152404 7 153046 38 153718 38 154389 40 155061 41 155732 42 156404 42 157075 44 157747 45 158419 46 159091 47 159764 47 160436 48 161110 46 161785 44 162459 43 163132 42 163805 42 164477 43 165149 44 165822 43 166494 44 167166 44 167838 45 168511 45 169183 45 169856 44 170528 45 171200 45 171872 45 172544 45 173216 45 173887 47 174558 48 175230 48 175901 49 176572 50 177242 53 177912 55 178583 57 179254 58 179925 59 180596 60 181267 62 181938 63 182609 64 183281 64 183952 65 184623 66 185294 68 185965 69 186635 71 187306 72 187978 73 188588 15 188649 74 189257 20 189320 76 189438 2 189928 22 189992 76 190109 4 190598 25 190663 76 190781 4 191269 28 191335 76 191452 5 191939 30 192007 76 192123 6 192610 32 192679 76 192795 6 193280 35 193352 75 193467 5 193950 38 194024 74 194139 2 194620 41 194697 73 194810 2 195291 42 195369 73 195451 4 195502 4 195961 45 196041 74 196120 10 196150 2 196171 9 196632 48 196714 91 196818 6 196839 14 197303 51 197386 93 197489 7 197510 16 197974 53 198058 94 198160 8 198181 17 198645 57 198730 95 198832 7 198853 17 199302 6 199313 62 199401 96 199504 7 199525 17 199970 78 200073 96 200175 7 200197 17 200641 79 200745 97 200848 5 200869 17 201311 82 201416 98 201542 15 201980 85 202088 98 202217 11 202650 87 202760 99 202895 1 203321 88 203432 101 203991 91 204105 102 204650 104 204777 103 205319 108 205449 103 205990 110 206121 103 206661 111 206793 104 207331 113 207465 104 208002 115 208137 105 208673 116 208809 105 209345 116 209480 106 210017 115 210152 106 210689 115 210824 106 211360 114 211495 107 212031 112 212167 105 212702 112 212839 104 213374 111 213511 101 214045 112 214183 91 214717 112 214856 88 215389 113 215529 85 216060 114 216202 83 216732 113 216875 81 217402 115 217548 78 218072 117 218222 75 218743 117 218895 73 219414 117 219568 72 220085 116 220243 68 220755 116 220921 62 221426 115 221596 58 222097 115 222269 56 222769 113 222942 53 223441 112 223615 49 224113 111 224288 32 224785 110 224961 22 225457 109 225634 20 226129 108 226306 19 226801 108 226979 17 227474 106 227652 16 228146 106 228324 15 228821 101 228997 13 229494 99 229669 12 230167 98 230342 10 230848 88 231014 7 231539 67 232214 63 232888 61 233561 58 234234 56 234908 53 235581 51 236254 49 236934 40 237609 36 238282 34 238956 30 239632 22 240306 18 240979 15 241654 10
scene_f14ebacae1c712a9,247678 5 248347 9 249018 11 249690 12 250361 14 251033 16 251705 16 252377 17 253049 19 253721 20 254393 21 255064 23 255736 24 256407 26 257079 26 257752 26 258425 28 259097 34 259769 35 260442 35 261114 37 261787 38 262460 37 263134 35 263813 29 264489 25 265162 25 265836 23 266508 24 267181 23 267853 23 268526 22 269198 23 269870 23 270543 22 271216 21 271890 19 272564 17 273237 16 273910 14 274584 12 275257 10 275930 8 276603 5
scene_f22beb24501ecd33,no-plume
scene_f262137decdac216,218018 14 218672 7 218688 17 219342 10 219358 20 220012 14 220028 23 220073 3 220683 69 221354 70 222025 72 222697 73 223370 73 224042 9 224056 60 224714 7 224728 61 225401 60 226073 59 226746 58 227418 58 228090 56 228763 51 229435 50 230107 50 230780 47 231452 14 231476 17 232125 12 232149 15 232798 10 232822 13 233474 5 233495 10
scene_f27ce195a24b7c8a,209994 42 210664 46 211335 48 212006 50 212678 51 213350 52 214022 53 214694 54 215366 55 216038 57 216710 58 217384 56 218057 7 218070 43 218730 4 218744 42 219402 2 219417 42 220090 41 220772 32 221445 31 222117 31 222791 27
scene_f2f9f7ab05f849d3,176424 4 177095 6 177766 9 178437 11 179109 11 179780 12 180452 13 181124 13 181787 7 181795 14 182458 23 183130 23 183802 22 184474 22 185146 22 185802 5 185818 21 186473 8 186490 20 187145 8 187161 20 187816 10 187832 21 188487 37 189158 38 189830 38 190502 37 191173 38 191845 37 192517 37 193189 36 193861 36 194534 35 195207 34 195883 28 196556 22 197229 20 197901 20 198573 20 199245 19 199916 20 200588 19 201258 20 201927 22 202598 23 203269 23 203941 23 204612 22 205284 22 205955 23 206626 25 207298 26 207969 28 208641 28 209313 29 209985 30 210657 31 211329 31 212002 30 212675 30 213348 29 214020 29 214693 28 215366 27 216039 26 216713 24 217387 21 218061 19 218734 18 219406 18 220080 16 220752 15 221425 14 222097 14 222769 13 223441 13 224113 12 224786 11 225459 9
scene_f3d0967ab7e281e9,130081 15 130751 20 131422 24 132094 26 132765 28 133437 29 134109 30 134781 33 135453 38 136125 39 136796 40 137467 42 138134 47 138806 48 139477 49 140148 50 140819 51 141490 52 142161 53 142823 63 143493 65 144165 64 144836 65 145507 65 146178 65 146850 64 147522 64 148193 64 148865 64 149537 64 150209 64 150881 64 151552 66 152224 66 152895 67 153566 68 154238 68 154909 69 155581 69 156253 68 156925 68 157597 68 158269 68 158941 67 159613 67 160285 67 160956 68 161628 68 162300 67 162971 68 163642 68 164313 69 164985 68 165656 69 166328 69 166999 69 167670 70 168342 70 169013 69 169685 68 170357 68 171029 67 171701 65 172373 64 173045 64 173717 63 174389 62 175061 61 175733 61 176405 60 177078 59 177750 59 178423 58 179096 56 179768 56 180440 56 181112 56 181785 55 182457 54 183129 53 183801 53 184473 52 185145 51 185817 50 186489 49 187161 48 187834 46 188506 46 189179 44 189852 42 190524 41 191197 40 191869 40 192541 40 193213 39 193885 37 194557 36 195229 35 195902 33 196575 30 197248 28 197920 27 198593 25 199265 25 199938 23 200610 23 201285 19 201960 16 202633 14 203306 12 203979 9 242198 2 242867 6 243538 8 244210 8 244882 8 245553 9 246225 8 246896 9 247567 9 248239 9 248910 9 249582 9 250252 11 250923 12 251594 13 252265 14 252936 16 253607 17 254279 18 254951 18 255623 18 256295 18 256968 17 257640 16 258313 14 258985 13 259658 11 260332 7 261007 1 272418 12 273090 14 273762 15 274434 17 275106 18 275778 18 276450 17 277122 16 277794 16 278466 15 279138 14 279810 13 280482 12 281154 11 281825 12 282497 12 283168 13 283839 13 284511 13 285182 14 285853 15 286525 15 287197 15 287869 15 288541 15 289213 15 289885 15 290558 14 291230 14 291902 13 292576 10 293249 8 293922 6 294595 5
scene_f4590affa6ec9a29,179396 4 180066 7 180737 10 181408 14 182079 23 182750 26 183422 27 184093 29 184765 29 185437 29 186109 29 186780 30 187453 30 188125 30 188797 30 189469 31 190142 30 190814 31 191486 33 192158 35 192831 34 193502 35 194174 35 194846 35 195518 35 196190 35 196861 36 197533 36 198204 37 198876 37 199548 37 200219 38 200891 38 201563 38 202235 38 202906 39 203578 39 204250 39 204922 39 205594 39 206266 39 206938 39 207610 39 208282 39 208954 39 209626 39 210298 39 210970 39 211643 38 212315 38 212987 38 213659 38 214331 38 215003 38 215675 38 216347 38 217019 38 217691 38 218363 38 219036 37 219711 1 219715 30 220390 27 221064 25 221737 24 222409 24 223081 24 223734 1 223753 24 224403 5 224424 25 225074 7 225096 25 225745 8 225767 26 226416 10 226439 26 227086 12 227111 26 227757 14 227782 27 228428 16 228454 27 228815 8 229099 18 229125 28 229485 11 229770 21 229796 29 230156 13 230441 56 230827 14 231113 56 231494 19 231785 53 232165 20 232457 53 232837 20 233129 52 233508 22 233801 52 234179 24 234473 51 234850 26 235145 51 235522 27 235818 50 236194 27 236490 50 236866 27 237162 50 237538 27 237834 49 238210 27 238507 48 238882 27 239179 48 239555 26 239851 48 240227 26 240524 47 240900 25 241197 46 241572 25 241869 46 242245 24 242542 45 242917 24 243214 45 243589 23 243886 45 244261 23 244559 44 244933 22 245232 43 245605 21 245905 42 246277 20 246577 42 246948 21 247249 42 247619 22 247922 41 248290 23 248594 41 248962 23 249266 41 249634 23 249939 40 250305 24 250612 39 250977 24 251284 39 251649 24 251957 39 252321 25 252630 38 252993 27 253303 38 253665 27 253975 38 254337 27 254648 38 255009 27 255321 37 255681 27 255993 38 256353 26 256666 39 257025 25 257338 39 257698 23 258010 39 258370 23 258682 39 259043 22 259353 40 259715 21 260026 39 260388 19 260698 39 261060 18 261370 39 261733 16 262042 39 262405 16 262715 38 263077 15 263388 37 263749 15 264061 36 264421 14 264734 35 265093 13 265406 35 265766 10 266079 34 266439 1 266752 33 267425 32 268097 32 268770 31 269442 31 270115 30 270787 30 271459 30 272130 31 272802 31 273474 31 274146 29 274817 29 275489 29 276160 29 276831 29 277503 29 278174 29 278846 27 279518 26 280190 24 280862 22 281534 21 282207 19 282881 8
scene_f4b7951c952d7135,205865 4 206536 21 207207 24 207878 26 208550 27 209221 29 209892 44 209975 10 210564 52 210645 14 211235 54 211316 16 211906 57 211987 17 212577 60 212654 23 213248 62 213324 25 213919 64 213994 28 214590 68 214661 34 215263 106 215934 109 216605 111 217277 112 217949 115 218621 116 219293 116 219965 116 220637 116 221309 117 221981 117 222653 116 223325 116 223997 116 224670 115 225343 113 226016 111 226689 109 227362 107 228035 105 228709 102 229382 100 230055 98 230729 95 231403 84 232076 81 232749 80 233423 77 234112 59 234787 55 235460 54 236136 50 236809 49 237482 47 238153 48 238826 46 239500 42 240173 38 240845 37 241518 34 242193 29 242872 21 243545 20 244221 15
scene_f620b3caca550431,191941 10 191952 3 191962 1 192611 23 193281 23 193952 24 194623 25 195295 25 195966 26 196638 27 197310 27 197982 27 198654 28 199326 29 199997 31 200668 33 201337 38 202006 48 202677 51 203348 54 204018 57 204676 5 204689 61 205345 11 205360 63 206016 80 206687 82 207359 84 208030 86 208702 87 209373 88 210045 89 210717 90 211388 94 212060 96 212714 12 212728 103 213385 119 214057 120 214729 120 215401 120 216072 122 216745 121 217417 120 218089 120 218762 119 219434 119 220107 118 220779 117 221452 115 222126 112 222800 110 223475 106 224148 103 224821 101 225494 100 226167 99 226840 98 227514 96 228188 94 228846 3 228862 93 229518 6 229536 91 230190 7 230208 92 230862 6 230881 91 231535 5 231553 91 232207 5 232226 90 232897 91 233569 91 234240 92 234910 94 235582 93 236254 93 236926 93 237598 12 237618 73 238270 10 238296 67 238943 7 238971 65 239618 1 239645 64 240319 63 240994 60 241667 59 242341 57 243014 56 243687 55 244359 54 245032 52 245704 52 246377 48 247050 37 247724 32 248398 7 248408 16 249084 5
scene_f72a5c1e11a51c61,179712 4 180381 9 180414 5 181051 13 181085 8 181722 15 181756 9 182393 17 182427 11 183065 19 183098 14 183737 20 183769 15 184409 20 184441 16 185081 21 185112 17 185753 48 186425 48 187097 48 187770 47 188444 46 189116 46 189789 45 190461 44 191133 44 191805 44 192477 44 193150 43 193823 42 194496 41 195168 42 195841 42 196513 43 197185 44 197858 43 198531 42 199212 33 199885 32 200558 32 201231 31 201905 29 202578 28 203251 27 203926 23 204607 11 205298 2 205970 3 206641 6 207313 7 207985 8 208657 9 209328 11 210000 20 210672 23 211344 24 212016 25 212688 26 213361 26 214033 27 214705 27 215377 27 216049 27 216722 26 217395 25 218080 12 218755 8 219428 6
scene_f7abbc2f8405555b,no-plume
scene_f82f7be464d8e60f,no-plume
scene_f97ee3a347a939cd,222734 1 223402 7 224062 3 224073 9 224733 5 224745 10 225404 8 225416 12 226074 26 226745 28 227417 28 228089 29 228761 30 229433 31 230105 32 230777 32 231449 32 232121 33 232793 33 233466 34 234140 34 234813 35 235485 36 236159 35 236841 27 237515 26 238188 26 238860 28 239533 30 240206 30 240878 31 241551 29 242224 28 242897 27 243569 27 244241 26 244914 24 245586 23 246259 21 246934 17 247618 1 352339 16 353009 20 353681 20 354352 22 355022 25 355693 27 356365 28 357037 28 357708 28 358380 28 359051 18 359070 10 359723 15 359745 1 359749 2 360395 12 361066 12 361738 11 362411 12 362434 1 363083 13 363103 5 363756 14 363773 7 364428 24 364891 1 365101 24 365561 8 365773 24 366230 11 366445 24 366901 12 367118 23 367572 13 367791 22 368243 14 368464 21 368913 16 369137 20 369583 18 369810 19 370254 19 370482 19 370925 20 371155 18 371594 23 371828 16 372265 24 372501 15 372936 25 373173 15 373606 27 373845 14 374277 28 374517 14 374948 29 375190 12 375618 31 375862 12 376289 32 376534 11 376959 34 377207 9 377629 36 377880 8 378300 37 378553 7 378971 38 379226 6 379642 39 379900 4 380314 39 380574 2 380985 40 381657 40 382329 40 383000 41 383672 41 384344 41 385016 41 385688 41 386360 41 387032 41 387704 41 388376 41 389048 41 389720 41 390392 41 391064 41 391736 41 392408 41 393080 41 393752 41 394424 41 395097 40 395769 40 396441 40 397113 40 397785 40 398457 40 399128 41 399800 41 400472 41 401144 41 401816 41 402488 41 403160 41 403832 41 404504 41 405176 41 405848 41 406520 41 407193 40 407865 40 408537 40 409210 39 409882 39 410554 39 411227 38 411900 37 412572 37 413245 36 413916 37 414588 37 415260 37 415932 37 416603 38 417274 39 417946 39 418617 40 419289 40 419961 40 420633 40 421305 40 421977 40 422649 40 423321 40 423993 40 424664 41 425336 41 426008 41 426681 40 427353 40 428025 40 428697 40 429369 40 430042 37 430714 36 431387 35 432060 34 432733 32 433406 31 434079 30 434752 29 435426 26 436105 19 436780 16 437453 15 438126 13 438799 11 439473 8 440146 6 446723 5 447394 7 448066 8 448738 7 449410 7 450082 6 450754 6 451426 6
scene_faada35958cac374,no-plume
scene_fb9abf731ef9f407,no-plume
scene_fc06bc7d3c299dfc,183093 5 183762 10 184433 11 185104 13 185765 4 185772 19 186434 30 187105 31 187776 33 188447 34 189118 35 189790 35 190462 35 191134 34 191807 33 192480 31 193152 31 193825 30 194498 29 195170 29 195845 27 196519 26 197192 26 197865 26 198537 26 199209 27 199881 27 200554 27 201226 27 201814 6 201899 26 202485 8 202572 25 203156 9 203244 25 203827 11 203918 23 204498 14 204593 21 205170 15 205266 21 205841 16 205939 21 206513 17 206614 19 207185 18 207290 17 207857 19 207964 17 208529 20 208637 16 209201 21 209309 17 209873 22 209982 18 210545 23 210654 18 211217 24 211327 18 211889 24 212000 17 212561 23 212673 16 213233 23 213345 16 213905 23 214018 15 214577 22 214690 15 215249 20 215364 13 215921 19 216037 12 216594 16 216709 12 217266 16 217381 13 217939 14 218053 14 218612 13 218725 15 219284 12 219397 16 219957 10 220069 16 220629 8 220741 16 221302 7 221413 16 221974 6 222085 16 222757 16 223429 16 224101 16 224773 16 225446 14 226120 11 226793 9 227190 2 227466 7 227860 4 228141 3 228531 5 229202 7 229873 7 230545 6 231218 3 231890 1 231902 1 232572 5 233242 8 233913 10 234585 10 235256 12 235927 12 236598 13 237270 13 237941 14 238612 15 239283 16 239954 17 240626 17 241297 19 241969 20 242641 22 243313 24 243984 26 244656 27 245328 28 246000 28 246673 27 247345 28 248018 27 248692 25 249366 23 250038 24 250711 23 251384 23 252058 23 252733 23 253412 22 254086 22 254760 21 255432 22 256105 22 256777 22 257449 22 258122 22 258794 22 259466 21 260139 20 260812 17 261486 14 279615 5 280285 9 280956 11 281627 12 282299 12 282970 13 283641 14 284313 14 284984 15 285656 15 286327 16 287000 15 287673 14 288348 11 289022 9 289696 7 290369 5 291042 3 291714 3 292385 5 293047 1 293056 6 293718 16 294389 18 295061 18 295732 19 296404 19 297076 19 297748 19 298420 19 299092 19 299765 18 300437 18 301109 18 301782 17 302454 17 303126 17 303799 16 304472 15 305144 15 305817 13 306489 13 307161 13 307834 11 308508 8
scene_fc0ea8bd7b42f4be,no-plume
scene_fc261eea648704cb,122518 1 125880 7 126551 11 127223 13 127894 15 128562 20 129230 27 129900 32 130571 36 131242 39 131912 43 132582 47 133253 48 133924 50 134594 52 135264 54 135934 56 136606 56 137277 57 137342 3 137948 58 138013 5 138620 58 138685 6 139291 59 139357 4 139962 60 140029 4 140633 61 140702 2 141305 61 141976 62 142647 64 143317 70 143988 72 144659 74 145329 78 146000 80 146089 3 146659 95 146757 9 147329 111 148000 113 148672 123 149343 125 150015 126 150687 126 151359 127 152031 127 152703 126 153375 126 154047 125 154720 121 155393 117 156066 115 156739 114 157412 113 158086 111 158760 110 159433 109 160106 109 160779 112 161452 113 162124 115 162797 114 163470 114 164144 113 164818 111 165491 111 166167 107 166846 101 167520 100 168193 99 168866 97 169548 87 170223 84 170897 81 171571 79 172244 78 172917 76 173589 76 174261 75 174933 75 175606 73 176278 72 176950 70 177622 65 178294 62 178966 62 179638 64 180311 64 180984 65 181657 66 182329 69 183002 70 183674 71 184346 71 185018 71 185690 71 186362 71 187034 71 187706 70 188378 70 189050 69 189723 69 190395 73 191067 76 191739 78 192411 79 193084 86 193757 87 194429 88 195102 88 195775 87 196448 86 197121 84 197794 84 198467 84 199141 83 199814 83 200487 83 201161 82 201834 84 202507 85 203180 85 203854 84 204529 82 205204 81 205294 2 205877 81 205964 6 206551 80 206632 12 207226 90 207900 89 208573 88 209247 87 209924 83 210597 83 211270 82 211945 79 212620 76 213293 75 213966 11 213980 60 214640 6 214655 51 215314 2 215337 40 216011 37 216684 36 217358 34 218032 33 218704 33 219377 32 220049 32 220722 31 221394 31 222067 30 222741 29 223415 28 224088 28 224761 27 225434 26 226108 24 226781 24 227454 22 228128 20 228805 13 229478 11 230152 8 230826 5 346230 1 346898 8 347569 11 348240 13 348911 15 349583 15 350255 16 350927 16 351600 15 352273 14 352946 13 353619 11 354293 8
scene_fdec96a851a69982,162983 4 163653 8 164324 11 164995 14 165666 16 166337 18 167008 21 167678 31 168348 35 169017 36 169688 35 170359 35 171030 35 171702 32 172373 31 173044 31 173716 31 174387 32 175059 32 175730 33 176402 34 177074 34 177746 35 178418 36 179090 37 179762 37 180434 38 181106 38 181778 38 182449 39 183121 39 183793 39 184465 38 185136 38 185793 6 185807 38 186462 54 187133 54 187805 52 188477 49 189148 47 189820 46 190491 46 191163 45 191835 44 192507 43 193179 43 193851 43 194523 44 195195 44 195867 45 196539 46 197211 46 197883 46 198555 46 199227 46 199898 47 200570 47 201242 47 201915 46 202587 46 203259 46 203933 44 204608 41 205282 39 205956 37 206628 37 207301 37 207973 37 208645 37 209318 36 209990 36 210662 36 211335 36 212008 37 212681 38 213354 39 214027 38 214700 38 215372 39 216045 39 216717 39 217389 39 218061 38 218733 38 219405 38 220077 37 220749 37 221421 36 222093 36 222764 37 223436 37 224108 37 224780 36 225452 36 226123 34 226795 31 227466 31 228138 31 228810 29 229481 29 230153 28 230825 27 231497 23 232168 22 232840 21 233513 19 234185 17 234857 16 235530 13 236203 8 389902 13 390571 17 391242 19 391913 22 392585 25 393256 28 393927 30 393982 2 394599 32 394651 6 395270 37 395319 12 395942 39 395989 15 396614 39 396661 16 397286 40 397332 17 397958 63 398630 63 398822 5 399302 62 399493 7 399974 61 400164 9 400646 60 400835 10 401318 59 401506 12 401990 58 402178 13 402663 56 402850 12 403335 54 403522 12 404007 53 404194 11 404680 51 404865 11 405352 50 405537 10 406025 49 406209 7 406698 47 406880 5 407371 46 407551 5 408043 46 408222 5 408716 45 408894 4 409389 44 409565 4 410061 43 410238 2 410733 42 411405 41 412067 5 412076 42 412738 7 412748 41 413409 52 414081 51 414752 52 415423 52 416095 51 416767 51 417438 51 418110 51 418783 50 419455 50 420128 49 420801 48 421474 47 422146 47 422819 46 423493 44 424166 42 424840 40 425513 38 426186 37 426860 34 427533 32 428207 30 428881 27 429560 18 430236 13 430909 11 431582 8 432256 3
scene_fe78b3141eabd047,144381 8 145051 13 145722 16 146393 18 147064 20 147736 21 148408 22 149080 23 149752 24 150424 25 151096 26 151768 27 152439 30 153108 35 153775 46 154446 50 155117 52 155788 55 156446 1 156459 58 157114 8 157129 61 157785 11 157800 63 158456 80 159127 82 159798 84 160470 85 161142 85 161814 86 162485 88 163157 88 163828 90 164490 2 164498 93 165158 108 165829 111 166501 111 167173 112 167845 112 168517 112 169189 112 169861 112 170534 110 171206 110 171880 107 172553 106 173227 103 173900 102 174573 100 175246 99 175920 96 176593 95 177266 94 177939 92 178613 90 179286 89 179960 87 180633 86 181306 85 181978 86 182651 85 183323 85 183995 86 184667 86 185338 86 186010 7 186020 76 186680 9 186693 75 187351 8 187368 72 188024 5 188047 65 188697 3 188721 63 189370 2 189395 60 190069 58 190744 55 191419 52 192093 50 192767 48 193439 47 194112 45 194784 43 195457 40 196130 37 196802 34 197475 12 197491 6 198149 7
scene_fe898904c5946c93,no-plume
